Date,AAPL,NVDA,TSLA
2020-01-02,72.71607971191406,5.972711086273193,28.68400001525879
2020-01-03,72.00910949707031,5.877111911773682,29.534000396728516
2020-01-06,72.58290100097656,5.901758193969727,30.1026668548584
2020-01-07,72.2415542602539,5.973208427429199,31.270666122436523
2020-01-08,73.40365600585938,5.984411716461182,32.80933380126953
2020-01-09,74.96279907226562,6.050136566162109,32.089332580566406
2020-01-10,75.13226318359375,6.0824995040893555,31.876667022705078
2020-01-13,76.73741149902344,6.273199081420898,34.990665435791016
2020-01-14,75.70121002197266,6.156191825866699,35.861331939697266
2020-01-15,75.37680053710938,6.113618850708008,34.56666564941406
2020-01-16,76.32100677490234,6.197268962860107,34.232666015625
2020-01-17,77.16595458984375,6.205982208251953,34.03333282470703
2020-01-21,76.64299774169922,6.1726226806640625,36.47999954223633
2020-01-22,76.91658020019531,6.2266459465026855,37.97066879272461
2020-01-23,77.28699493408203,6.295108795166016,38.14666748046875
2020-01-24,77.06425476074219,6.235857009887695,37.654666900634766
2020-01-27,74.79817199707031,5.979930877685547,37.201332092285156
2020-01-28,76.9141616821289,6.173369884490967,37.793331146240234
2020-01-29,78.52415466308594,6.112873554229736,38.732666015625
2020-01-30,78.41035461425781,6.119594573974609,42.72066879272461
2020-01-31,74.93373107910156,5.886073589324951,43.371334075927734
2020-02-03,74.72795867919922,5.983166694641113,52.0
2020-02-04,77.19500732421875,6.152455806732178,59.137332916259766
2020-02-05,77.82447814941406,6.242828369140625,48.97999954223633
2020-02-06,78.73479461669922,6.329714298248291,49.930667877197266
2020-02-07,77.66456604003906,6.263492584228516,49.871334075927734
2020-02-10,78.033447265625,6.546803951263428,51.41866683959961
2020-02-11,77.5626449584961,6.669290542602539,51.62533187866211
2020-02-12,79.40458679199219,6.785054683685303,51.15266799926758
2020-02-13,78.8391342163086,6.741238594055176,53.599998474121094
2020-02-14,78.85855865478516,7.214504241943359,53.33533477783203
2020-02-18,77.41460418701172,7.383296489715576,57.22666549682617
2020-02-19,78.5357894897461,7.83465576171875,61.16133117675781
2020-02-20,77.7301025390625,7.685280799865723,59.96066665649414
2020-02-21,75.9706802368164,7.32105827331543,60.06666564941406
2020-02-24,72.36202239990234,6.803478240966797,55.58599853515625
2020-02-25,69.91098022460938,6.523900032043457,53.32733154296875
2020-02-26,71.02001190185547,6.66331672668457,51.91999816894531
2020-02-27,66.3775405883789,6.2923970222473145,45.266666412353516
2020-02-28,66.33873748779297,6.727585315704346,44.53266525268555
2020-03-02,72.51493835449219,6.886015892028809,49.574668884277344
2020-03-03,70.2118911743164,6.623459815979004,49.70066833496094
2020-03-04,73.46865844726562,7.087292671203613,49.96666717529297
2020-03-05,71.08554077148438,6.807796478271484,48.30266571044922
2020-03-06,70.14151763916016,6.627193927764893,46.89866638183594
2020-03-09,64.5938720703125,6.11403751373291,40.53333282470703
2020-03-10,69.24602508544922,6.503638744354248,43.02199935913086
2020-03-11,66.84107971191406,6.13969612121582,42.28200149536133
2020-03-12,60.240211486816406,5.388395309448242,37.369998931884766
2020-03-13,67.45748901367188,5.999449253082275,36.44133377075195
2020-03-16,58.77928161621094,4.892426490783691,29.67133331298828
2020-03-17,61.36381912231445,5.412308692932129,28.68000030517578
2020-03-18,59.86163330078125,5.0523529052734375,24.08133316040039
2020-03-19,59.4029655456543,5.305192947387695,28.50933265686035
2020-03-20,55.631744384765625,5.125339984893799,28.50200080871582
2020-03-23,54.44989776611328,5.298218727111816,28.952667236328125
2020-03-24,59.91259765625,6.207204341888428,33.66666793823242
2020-03-25,59.582557678222656,6.118521690368652,35.95000076293945
2020-03-26,62.71797180175781,6.40798282623291,35.21066665649414
2020-03-27,60.12130355834961,6.2956366539001465,34.29066848754883
2020-03-30,61.83705139160156,6.6159844398498535,33.47533416748047
2020-03-31,61.71084213256836,6.5664143562316895,34.93333435058594
2020-04-01,58.46379852294922,6.055000305175781,32.104000091552734
2020-04-02,59.43936538696289,6.363892555236816,30.29800033569336
2020-04-03,58.58513641357422,6.075925350189209,32.000667572021484
2020-04-06,63.69597244262695,6.685984134674072,34.41600036621094
2020-04-07,62.958213806152344,6.452572345733643,36.36333465576172
2020-04-08,64.56959533691406,6.6498637199401855,36.589332580566406
2020-04-09,65.03556060791016,6.5502214431762695,38.20000076293945
2020-04-13,66.3120346069336,6.722104072570801,43.39666748046875
2020-04-14,69.66101837158203,7.073342800140381,47.32600021362305
2020-04-15,69.02519989013672,6.995870113372803,48.65533447265625
2020-04-16,69.57364654541016,7.341130256652832,49.680667877197266
2020-04-17,68.62963104248047,7.281843185424805,50.259334564208984
2020-04-20,67.2051010131836,7.150564670562744,49.75733184814453
2020-04-21,65.1277847290039,6.713634490966797,45.781333923339844
2020-04-22,67.00366973876953,7.128146171569824,48.807334899902344
2020-04-23,66.74401092529297,7.074836730957031,47.04199981689453
2020-04-24,68.6708984375,7.213838577270508,48.34333419799805
2020-04-27,68.71942138671875,7.400417804718018,53.25
2020-04-28,67.60552978515625,7.257928848266602,51.27466583251953
2020-04-29,69.82604217529297,7.434794902801514,53.367332458496094
2020-04-30,71.2990951538086,7.280848026275635,52.12533187866211
2020-05-01,70.15121459960938,7.044197082519531,46.75466537475586
2020-05-04,71.14378356933594,7.2561845779418945,50.74599838256836
2020-05-05,72.21157836914062,7.3172173500061035,51.2140007019043
2020-05-06,72.95661163330078,7.41810417175293,52.172000885009766
2020-05-07,73.7113265991211,7.594470024108887,52.00266647338867
2020-05-08,75.46578979492188,7.7845377922058105,54.62799835205078
2020-05-11,76.65325927734375,8.03663444519043,54.08599853515625
2020-05-12,75.7772445678711,7.774573802947998,53.96066665649414
2020-05-13,74.86231231689453,7.752152919769287,52.73066711425781
2020-05-14,75.32221221923828,8.00175952911377,53.55533218383789
2020-05-15,74.87689208984375,8.460363388061523,53.27799987792969
2020-05-18,76.64108276367188,8.71893310546875,54.242000579833984
2020-05-19,76.19822692871094,8.773985862731934,53.867332458496094
2020-05-20,77.68012237548828,8.937894821166992,54.37066650390625
2020-05-21,77.10100555419922,8.743842124938965,55.17333221435547
2020-05-22,77.59740447998047,8.993941307067871,54.45866775512695
2020-05-26,77.07180786132812,8.686546325683594,54.591331481933594
2020-05-27,77.40760803222656,8.494736671447754,54.68199920654297
2020-05-28,77.44166564941406,8.456624031066895,53.72066879272461
2020-05-29,77.36624145507812,8.843732833862305,55.66666793823242
2020-06-01,78.31768035888672,8.774731636047363,59.87333297729492
2020-06-02,78.68025207519531,8.793663024902344,58.770668029785156
2020-06-03,79.11339569091797,8.738113403320312,58.86399841308594
2020-06-04,78.43203735351562,8.739109992980957,57.62533187866211
2020-06-05,80.66587829589844,8.892127990722656,59.04399871826172
2020-06-08,81.1427993774414,8.777493476867676,63.327999114990234
2020-06-09,83.70513153076172,9.017735481262207,62.711334228515625
2020-06-10,85.8586654663086,9.337483406066895,68.336669921875
2020-06-11,81.7365493774414,8.768767356872559,64.85600280761719
2020-06-12,82.44221496582031,8.904589653015137,62.35200119018555
2020-06-15,83.46180725097656,9.145088195800781,66.05999755859375
2020-06-16,85.6737289428711,9.040165901184082,65.47533416748047
2020-06-17,85.55448150634766,9.207143783569336,66.11933135986328
2020-06-18,85.58855438232422,9.189199447631836,66.9306640625
2020-06-19,85.09943389892578,9.232312202453613,66.72666931152344
2020-06-22,87.32596588134766,9.49698543548584,66.28800201416016
2020-06-23,89.18993377685547,9.4204740524292,66.78533172607422
2020-06-24,87.61553955078125,9.206645011901855,64.0566635131836
2020-06-25,88.7786865234375,9.460350036621094,65.73200225830078
2020-06-26,86.05087280273438,9.126396179199219,63.982666015625
2020-06-29,88.0340805053711,9.171256065368652,67.29000091552734
2020-06-30,88.7689437866211,9.4680757522583,71.98733520507812
2020-07-01,88.6010513305664,9.500224113464355,74.64199829101562
2020-07-02,88.6010513305664,9.582216262817383,80.57733154296875
2020-07-06,90.97115325927734,9.80850887298584,91.43866729736328
2020-07-07,90.68887329101562,9.84090805053711,92.65733337402344
2020-07-08,92.80104064941406,10.184080123901367,91.05867004394531
2020-07-09,93.20010375976562,10.476164817810059,92.9520034790039
2020-07-10,93.36315155029297,10.44650936126709,102.97666931152344
2020-07-13,92.93242645263672,10.020845413208008,99.80400085449219
2020-07-14,94.47032165527344,10.344579696655273,101.12000274658203
2020-07-15,95.12003326416016,10.195295333862305,103.06732940673828
2020-07-16,93.9495849609375,10.103084564208984,100.04266357421875
2020-07-17,93.75978088378906,10.16962718963623,100.05599975585938
2020-07-20,95.73566436767578,10.477910041809082,109.53333282470703
2020-07-21,94.41434478759766,10.29622745513916,104.55733489990234
2020-07-22,94.67957305908203,10.406134605407715,106.15533447265625
2020-07-23,90.37012481689453,10.098102569580078,100.87133026123047
2020-07-24,90.14624786376953,10.162647247314453,94.46666717529297
2020-07-27,92.28271484375,10.388940811157227,102.63999938964844
2020-07-28,90.76673126220703,10.18358325958252,98.43267059326172
2020-07-29,92.506591796875,10.432802200317383,99.94066619873047
2020-07-30,93.62594604492188,10.580838203430176,99.16600036621094
2020-07-31,103.4275131225586,10.581585884094238,95.38400268554688
2020-08-03,106.03364562988281,10.975850105285645,99.0
2020-08-04,106.74175262451172,11.192670822143555,99.13333129882812
2020-08-05,107.12864685058594,11.251485824584961,99.00133514404297
2020-08-06,110.86627960205078,11.30008316040039,99.30533599853516
2020-08-07,108.34566497802734,11.164508819580078,96.84733581542969
2020-08-10,109.92044830322266,11.130114555358887,94.57133483886719
2020-08-11,106.65143585205078,10.816099166870117,91.6259994506836
2020-08-12,110.19591522216797,11.404508590698242,103.65066528320312
2020-08-13,112.14611053466797,11.407248497009277,108.06666564941406
2020-08-14,112.04615783691406,11.527870178222656,110.04733276367188
2020-08-17,111.75362396240234,12.298452377319336,122.3759994506836
2020-08-18,112.68484497070312,12.222441673278809,125.80599975585938
2020-08-19,112.82624816894531,12.100573539733887,125.23533630371094
2020-08-20,115.32978820800781,12.10306453704834,133.45533752441406
2020-08-21,121.27304077148438,12.643872261047363,136.6653289794922
2020-08-24,122.72349548339844,12.68050765991211,134.27999877929688
2020-08-25,121.7166976928711,12.710163116455078,134.8893280029297
2020-08-26,123.37193298339844,12.733091354370117,143.54466247558594
2020-08-27,121.8970947265625,12.588793754577637,149.25
2020-08-28,121.69965362548828,13.106672286987305,147.55999755859375
2020-08-31,125.82673645019531,13.332714080810547,166.10667419433594
2020-09-01,130.8387451171875,13.781939506530762,158.35000610351562
2020-09-02,128.12794494628906,14.305954933166504,149.1233367919922
2020-09-03,117.86994934082031,12.978715896606445,135.6666717529297
2020-09-04,117.94793701171875,12.586825370788574,139.44000244140625
2020-09-08,110.01062774658203,11.879331588745117,110.06999969482422
2020-09-09,114.3985824584961,12.679064750671387,122.09333038330078
2020-09-10,110.6639633178711,12.276956558227539,123.77999877929688
2020-09-11,109.2110595703125,12.130122184753418,124.23999786376953
2020-09-14,112.48738861083984,12.835870742797852,139.8733367919922
2020-09-15,112.66291809082031,12.954285621643066,149.9199981689453
2020-09-16,109.33782196044922,12.479133605957031,147.25332641601562
2020-09-17,107.59241485595703,12.428276062011719,141.14332580566406
2020-09-18,104.17952728271484,12.154802322387695,147.38333129882812
2020-09-21,107.3388671875,12.48187255859375,149.79666137695312
2020-09-22,109.02578735351562,12.602032661437988,141.41000366210938
2020-09-23,104.45257568359375,12.089486122131348,126.78666687011719
2020-09-24,105.52519989013672,12.313102722167969,129.26333618164062
2020-09-25,109.4841079711914,12.837367057800293,135.77999877929688
2020-09-28,112.09734344482422,12.998160362243652,140.39999389648438
2020-09-29,111.24901580810547,13.188372611999512,139.69000244140625
2020-09-30,112.92618560791016,13.492260932922363,143.00332641601562
2020-10-01,113.88178253173828,13.576024055480957,149.3866729736328
2020-10-02,110.20565795898438,13.025334358215332,138.3633270263672
2020-10-05,113.5989990234375,13.6039457321167,141.89332580566406
2020-10-06,110.3421859741211,13.697677612304688,137.9933319091797
2020-10-07,112.21436309814453,13.924537658691406,141.76666259765625
2020-10-08,112.10710906982422,13.799638748168945,141.97332763671875
2020-10-09,114.05729675292969,13.72385311126709,144.6666717529297
2020-10-12,121.3022689819336,14.18579387664795,147.43333435058594
2020-10-13,118.08446502685547,14.207982063293457,148.88333129882812
2020-10-14,118.1722183227539,14.055413246154785,153.76666259765625
2020-10-15,117.70417022705078,13.930517196655273,149.6266632080078
2020-10-16,116.0562515258789,13.772466659545898,146.55667114257812
2020-10-19,113.09197235107422,13.459603309631348,143.61000061035156
2020-10-20,114.58383178710938,13.606935501098633,140.64666748046875
2020-10-21,113.95978546142578,13.486526489257812,140.8800048828125
2020-10-22,112.86766815185547,13.323240280151367,141.92999267578125
2020-10-23,112.17536163330078,13.551840782165527,140.2100067138672
2020-10-26,112.18511199951172,13.104111671447754,140.0933380126953
2020-10-27,113.69650268554688,13.358891487121582,141.55999755859375
2020-10-28,108.43097686767578,12.591315269470215,135.33999633789062
2020-10-29,112.4483871459961,12.98719310760498,136.94332885742188
2020-10-30,106.14923095703125,12.498578071594238,129.34666442871094
2020-11-02,106.0615005493164,12.545195579528809,133.50332641601562
2020-11-03,107.6899185180664,12.982705116271973,141.3000030517578
2020-11-04,112.08758544921875,13.755266189575195,140.32666015625
2020-11-05,116.06600189208984,14.11998176574707,146.02999877929688
2020-11-06,115.93415832519531,14.520846366882324,143.31666564941406
2020-11-09,113.6191635131836,13.592227935791016,140.4199981689453
2020-11-10,113.27729797363281,12.733911514282227,136.7866668701172
2020-11-11,116.71556091308594,13.380078315734863,139.0433349609375
2020-11-12,116.44205474853516,13.418718338012695,137.25332641601562
2020-11-13,116.49092102050781,13.259420394897461,136.1666717529297
2020-11-16,117.50676727294922,13.477054595947266,136.02999877929688
2020-11-17,116.61787414550781,13.384316444396973,147.20333862304688
2020-11-18,115.28945922851562,13.390799522399902,162.2133331298828
2020-11-19,115.88530731201172,13.402265548706055,166.42333984375
2020-11-20,114.615478515625,13.050762176513672,163.20333862304688
2020-11-23,111.20651245117188,13.102865219116211,173.9499969482422
2020-11-24,112.4958724975586,12.921130180358887,185.1266632080078
2020-11-25,113.33590698242188,13.197346687316895,191.3333282470703
2020-11-27,113.88289642333984,13.223772048950195,195.25332641601562
2020-11-30,116.28578186035156,13.36362361907959,189.1999969482422
2020-12-01,119.87057495117188,13.352157592773438,194.9199981689453
2020-12-02,120.22221374511719,13.50622272491455,189.60667419433594
2020-12-03,120.08545684814453,13.36208724975586,197.7933349609375
2020-12-04,119.41149139404297,13.523926734924316,199.67999267578125
2020-12-07,120.87664794921875,13.57230281829834,213.9199981689453
2020-12-08,121.49201965332031,13.316205978393555,216.6266632080078
2020-12-09,118.95240020751953,12.898014068603516,201.4933319091797
2020-12-10,120.37849426269531,12.939411163330078,209.02333068847656
2020-12-11,119.56775665283203,12.980306625366211,203.3300018310547
2020-12-14,118.95240020751953,13.27505874633789,213.27667236328125
2020-12-15,124.9107666015625,13.326678276062012,211.0833282470703
2020-12-16,124.84237670898438,13.208976745605469,207.58999633789062
2020-12-17,125.71172332763672,13.307476043701172,218.63333129882812
2020-12-18,123.71908569335938,13.238399505615234,231.6666717529297
2020-12-21,125.25264739990234,13.298498153686523,216.6199951171875
2020-12-22,128.81788635253906,13.244634628295898,213.44667053222656
2020-12-23,127.91924285888672,12.976316452026367,215.32666015625
2020-12-24,128.9058074951172,12.960853576660156,220.58999633789062
2020-12-28,133.5161895751953,12.86734390258789,221.22999572753906
2020-12-29,131.7384796142578,12.910483360290527,221.99667358398438
2020-12-30,130.6151885986328,13.112471580505371,231.5933380126953
2020-12-31,129.6090850830078,13.021949768066406,235.22332763671875
2021-01-04,126.40524291992188,13.080302238464355,243.2566680908203
2021-01-05,127.96809387207031,13.37081527709961,245.0366668701172
2021-01-06,123.66046905517578,12.582568168640137,251.9933319091797
2021-01-07,127.88013458251953,13.310219764709473,272.0133361816406
2021-01-08,128.98391723632812,13.24314022064209,293.3399963378906
2021-01-11,125.9852294921875,13.587015151977539,270.39666748046875
2021-01-12,125.80941009521484,13.450611114501953,283.14666748046875
2021-01-13,127.8508529663086,13.4974946975708,284.8033447265625
2021-01-14,125.9168472290039,13.166831016540527,281.6666564941406
2021-01-15,124.18793487548828,12.826946258544922,275.38665771484375
2021-01-19,124.86192321777344,12.992274284362793,281.51666259765625
2021-01-20,128.96438598632812,13.331914901733398,283.48333740234375
2021-01-21,133.69200134277344,13.83239459991455,281.663330078125
2021-01-22,135.84092712402344,13.677785873413086,282.21331787109375
2021-01-25,139.6015625,13.618685722351074,293.6000061035156
2021-01-26,139.83599853515625,13.401236534118652,294.36334228515625
2021-01-27,138.7615203857422,12.885050773620605,288.0533447265625
2021-01-28,133.9069061279297,13.017958641052246,278.4766540527344
2021-01-29,128.8960418701172,12.956867218017578,264.510009765625
2021-02-01,131.0254364013672,13.203490257263184,279.9366760253906
2021-02-02,131.8556671142578,13.522429466247559,290.92999267578125
2021-02-03,130.830078125,13.496248245239258,284.89666748046875
2021-02-04,134.19993591308594,13.629657745361328,283.3299865722656
2021-02-05,133.78416442871094,13.556593894958496,284.07666015625
2021-02-08,133.93093872070312,14.402195930480957,287.8066711425781
2021-02-09,133.05047607421875,14.227142333984375,283.1533203125
2021-02-10,132.4440155029297,14.726872444152832,268.2733459472656
2021-02-11,132.1896209716797,15.212141036987305,270.5533447265625
2021-02-12,132.42442321777344,14.92337417602539,272.0400085449219
2021-02-16,130.29188537597656,15.291437149047852,265.40667724609375
2021-02-17,127.99300384521484,14.868263244628906,266.04998779296875
2021-02-18,126.88760375976562,14.791460990905762,262.4599914550781
2021-02-19,127.04411315917969,14.888711929321289,260.4333190917969
2021-02-22,123.25833129882812,14.319408416748047,238.1666717529297
2021-02-23,123.12136840820312,14.106199264526367,232.94667053222656
2021-02-24,122.6224594116211,14.462294578552246,247.33999633789062
2021-02-25,118.35733795166016,13.273810386657715,227.4066619873047
2021-02-26,118.6214599609375,13.679780960083008,225.1666717529297
2021-03-01,125.00936889648438,13.806707382202148,239.47666931152344
2021-03-02,122.39747619628906,13.37231159210205,228.81333923339844
2021-03-03,119.40404510498047,12.772334098815918,217.73333740234375
2021-03-04,117.51605987548828,12.338934898376465,207.14666748046875
2021-03-05,118.77798461914062,12.429953575134277,199.31666564941406
2021-03-08,113.82809448242188,11.563901901245117,187.6666717529297
2021-03-09,118.45516204833984,12.492864608764648,224.52667236328125
2021-03-10,117.36931610107422,12.440978050231934,222.68666076660156
2021-03-11,119.30623626708984,12.965079307556152,233.1999969482422
2021-03-12,118.39645385742188,12.827879905700684,231.2433319091797
2021-03-15,121.29205322265625,13.162396430969238,235.97999572753906
2021-03-16,122.83769226074219,13.262178421020508,225.6266632080078
2021-03-17,122.0453109741211,13.312068939208984,233.93666076660156
2021-03-18,117.9073486328125,12.694671630859375,217.72000122070312
2021-03-19,117.37908935546875,12.817654609680176,218.2899932861328
2021-03-22,120.70511627197266,13.157407760620117,223.3333282470703
2021-03-23,119.87360382080078,13.04216194152832,220.72000122070312
2021-03-24,117.47692108154297,12.61534595489502,210.08999633789062
2021-03-25,117.96604919433594,12.507832527160645,213.4633331298828
2021-03-26,118.57254028320312,12.811165809631348,206.23666381835938
2021-03-29,118.7486343383789,12.919927597045898,203.76333618164062
2021-03-30,117.29105377197266,12.843596458435059,211.8733367919922
2021-03-31,119.4920883178711,13.319053649902344,222.64332580566406
2021-04-01,120.32360076904297,13.781540870666504,220.5833282470703
2021-04-05,123.16051483154297,13.956905364990234,230.35000610351562
2021-04-06,123.46376037597656,13.831180572509766,230.5399932861328
2021-04-07,125.11698913574219,14.112564086914062,223.6566619873047
2021-04-08,127.52345275878906,14.285685539245605,227.93333435058594
2021-04-09,130.1060028076172,14.36850357055664,225.67333984375
2021-04-12,128.3843231201172,15.17573356628418,233.9933319091797
2021-04-13,131.5048828125,15.645203590393066,254.10667419433594
2021-04-14,129.1571044921875,15.243587493896484,244.07666015625
2021-04-15,131.57337951660156,16.101953506469727,246.28334045410156
2021-04-16,131.24078369140625,15.87769603729248,246.5933380126953
2021-04-19,131.9059600830078,15.328149795532227,238.2100067138672
2021-04-20,130.213623046875,15.138068199157715,239.663330078125
2021-04-21,130.5951385498047,15.326903343200684,248.0399932861328
2021-04-22,129.06906127929688,14.817768096923828,239.89666748046875
2021-04-23,131.39727783203125,15.23186206817627,243.13333129882812
2021-04-26,131.78857421875,15.444144248962402,246.06666564941406
2021-04-27,131.46578979492188,15.348106384277344,234.913330078125
2021-04-28,130.6733856201172,15.24333667755127,231.46665954589844
2021-04-29,130.57554626464844,15.291230201721191,225.6666717529297
2021-04-30,128.59951782226562,14.976670265197754,236.47999572753906
2021-05-03,129.65602111816406,14.80429744720459,228.3000030517578
2021-05-04,125.06805419921875,14.319859504699707,224.53334045410156
2021-05-05,125.31262969970703,14.426875114440918,223.64666748046875
2021-05-06,126.9169692993164,14.491235733032227,221.17999267578125
2021-05-07,127.59307861328125,14.779853820800781,224.1233367919922
2021-05-10,124.30059814453125,14.23454761505127,209.67999267578125
2021-05-11,123.37950134277344,14.274957656860352,205.73333740234375
2021-05-12,120.30260467529297,13.72840690612793,196.6300048828125
2021-05-13,122.45838165283203,13.635359764099121,190.56333923339844
2021-05-14,124.88854217529297,14.211847305297852,196.5800018310547
2021-05-17,123.73226165771484,14.134514808654785,192.27667236328125
2021-05-18,122.34078979492188,13.98509407043457,192.6233367919922
2021-05-19,122.18401336669922,14.034985542297363,187.82000732421875
2021-05-20,124.75135803222656,14.580537796020508,195.5933380126953
2021-05-21,122.90914154052734,14.958959579467773,193.6266632080078
2021-05-24,124.54558563232422,15.577853202819824,202.14666748046875
2021-05-25,124.34959411621094,15.613524436950684,201.56333923339844
2021-05-26,124.30059814453125,15.665657997131348,206.3766632080078
2021-05-27,122.76214599609375,15.454122543334961,210.28334045410156
2021-05-28,122.10562133789062,16.208965301513672,208.4066619873047
2021-06-01,121.7822494506836,16.228923797607422,207.96665954589844
2021-06-02,122.54656982421875,16.741552352905273,201.7066650390625
2021-06-03,121.0571060180664,16.93263053894043,190.94667053222656
2021-06-04,123.35989379882812,17.53980255126953,199.68333435058594
2021-06-07,123.36970520019531,17.580459594726562,201.7100067138672
2021-06-08,124.19281768798828,17.41881561279297,201.19667053222656
2021-06-09,124.57496643066406,17.324251174926758,199.5933380126953
2021-06-10,123.57547760009766,17.390872955322266,203.3733367919922
2021-06-11,124.79055786132812,17.79033851623535,203.29666137695312
2021-06-14,127.857666015625,17.983461380004883,205.89666748046875
2021-06-15,127.0345458984375,17.753658294677734,199.7866668701172
2021-06-16,127.53427124023438,17.775367736816406,201.6233367919922
2021-06-17,129.14134216308594,18.620708465576172,205.53334045410156
2021-06-18,127.83806610107422,18.602243423461914,207.77000427246094
2021-06-21,129.64109802246094,18.391157150268555,206.94332885742188
2021-06-22,131.2873077392578,18.849754333496094,207.90333557128906
2021-06-23,131.01292419433594,19.01992416381836,218.85667419433594
2021-06-24,130.728759765625,19.167882919311523,226.60667419433594
2021-06-25,130.43478393554688,18.993728637695312,223.9566650390625
2021-06-28,132.07122802734375,19.94585609436035,229.57333374023438
2021-06-29,133.59007263183594,19.987525939941406,226.9199981689453
2021-06-30,134.2073974609375,19.96332550048828,226.56666564941406
2021-07-01,134.5111846923828,20.172412872314453,225.97332763671875
2021-07-02,137.1470947265625,20.446876525878906,226.3000030517578
2021-07-06,139.16571044921875,20.657958984375,219.86000061035156
2021-07-07,141.66448974609375,20.331851959228516,214.88333129882812
2021-07-08,140.36119079589844,19.863767623901367,217.60333251953125
2021-07-09,142.19363403320312,20.010976791381836,218.98333740234375
2021-07-12,141.5958709716797,20.472322463989258,228.56666564941406
2021-07-13,142.7129364013672,20.21034049987793,222.84666442871094
2021-07-14,146.15240478515625,19.802637100219727,217.7933349609375
2021-07-15,145.49588012695312,18.929100036621094,216.86666870117188
2021-07-16,143.44790649414062,18.125429153442383,214.74000549316406
2021-07-19,139.5870819091797,18.742971420288086,215.4066619873047
2021-07-20,143.2126922607422,18.575546264648438,220.1666717529297
2021-07-21,142.47779846191406,19.37198257446289,218.42999267578125
2021-07-22,143.84967041015625,19.555625915527344,216.4199981689453
2021-07-23,145.5742950439453,19.519697189331055,214.4600067138672
2021-07-26,145.9956512451172,19.256210327148438,219.2066650390625
2021-07-27,143.82025146484375,19.170377731323242,214.92666625976562
2021-07-28,142.0662078857422,19.46480369567871,215.66000366210938
2021-07-29,142.7129364013672,19.623491287231445,225.78334045410156
2021-07-30,142.92855834960938,19.4608097076416,229.06666564941406
2021-08-02,142.59536743164062,19.711318969726562,236.55667114257812
2021-08-03,144.39842224121094,19.77618980407715,236.5800018310547
2021-08-04,143.9966583251953,20.234289169311523,236.97332763671875
2021-08-05,144.1044158935547,20.596580505371094,238.2100067138672
2021-08-06,143.41744995117188,20.32611083984375,233.03334045410156
2021-08-09,143.36842346191406,20.255250930786133,237.9199981689453
2021-08-10,142.8875732421875,19.896953582763672,236.663330078125
2021-08-11,143.14268493652344,19.660415649414062,235.94000244140625
2021-08-12,146.11624145507812,19.866016387939453,240.75
2021-08-13,146.3223419189453,20.148462295532227,239.05667114257812
2021-08-16,148.30470275878906,19.910930633544922,228.72332763671875
2021-08-17,147.3920440673828,19.419889450073242,221.90333557128906
2021-08-18,143.63339233398438,19.002710342407227,229.663330078125
2021-08-19,143.96705627441406,19.759225845336914,224.49000549316406
2021-08-20,145.42929077148438,20.775230407714844,226.75332641601562
2021-08-23,146.9209747314453,21.914993286132812,235.43333435058594
2021-08-24,146.83262634277344,21.75031852722168,236.163330078125
2021-08-25,145.59613037109375,22.169490814208984,237.06666564941406
2021-08-26,144.79139709472656,22.024778366088867,233.72000122070312
2021-08-27,145.83168029785156,22.59166717529297,237.30667114257812
2021-08-30,150.2674560546875,22.643564224243164,243.6366729736328
2021-08-31,149.00148010253906,22.345094680786133,245.24000549316406
2021-09-01,149.66879272460938,22.4010009765625,244.69667053222656
2021-09-02,150.78756713867188,22.356075286865234,244.1300048828125
2021-09-03,151.42547607421875,22.802278518676758,244.52333068847656
2021-09-07,153.7709503173828,22.62160301208496,250.97332763671875
2021-09-08,152.2203826904297,22.29917335510254,251.2899932861328
2021-09-09,151.1997528076172,22.137466430664062,251.6199951171875
2021-09-10,146.19476318359375,22.437931060791016,245.42333984375
2021-09-13,146.76394653320312,22.112512588500977,247.6666717529297
2021-09-14,145.360595703125,22.20235252380371,248.163330078125
2021-09-15,146.25360107421875,22.301172256469727,251.94332885742188
2021-09-16,146.01808166503906,22.20235252380371,252.3300018310547
2021-09-17,143.3389434814453,21.860958099365234,253.163330078125
2021-09-20,140.27708435058594,21.07536506652832,243.38999938964844
2021-09-21,140.75794982910156,21.208126068115234,246.4600067138672
2021-09-22,143.1328887939453,21.90188980102539,250.64666748046875
2021-09-23,144.09461975097656,22.441925048828125,251.2133331298828
2021-09-24,144.1829376220703,22.041637420654297,258.1300048828125
2021-09-27,142.6617889404297,21.62139129638672,263.78668212890625
2021-09-28,139.26629638671875,20.662097930908203,259.1866760253906
2021-09-29,140.16912841796875,20.480426788330078,260.4366760253906
2021-09-30,138.86390686035156,20.6790714263916,258.49334716796875
2021-10-01,139.9924774169922,20.705026626586914,258.40667724609375
2021-10-04,136.54786682128906,19.696826934814453,260.510009765625
2021-10-05,138.48117065429688,20.41454315185547,260.1966552734375
2021-10-06,139.35459899902344,20.66309928894043,260.9166564941406
2021-10-07,140.62057495117188,21.037433624267578,264.53668212890625
2021-10-08,140.23782348632812,20.793865203857422,261.8299865722656
2021-10-11,140.1495361328125,20.65810775756836,263.9800109863281
2021-10-12,138.87371826171875,20.634151458740234,268.5733337402344
2021-10-13,138.28492736816406,20.901674270629883,270.3599853515625
2021-10-14,141.08180236816406,21.707237243652344,272.7733459472656
2021-10-15,142.14169311523438,21.823026657104492,281.010009765625
2021-10-18,143.81982421875,22.182388305664062,290.03668212890625
2021-10-19,145.98866271972656,22.250268936157227,288.0899963378906
2021-10-20,146.4793243408203,22.0635986328125,288.6000061035156
2021-10-21,146.6952362060547,22.651548385620117,298.0
2021-10-22,145.91995239257812,22.685489654541016,303.2266540527344
2021-10-25,145.8708953857422,23.12470245361328,341.6199951171875
2021-10-26,146.53822326660156,24.672941207885742,339.4766540527344
2021-10-27,146.07699584960938,24.407413482666016,345.9533386230469
2021-10-28,149.72767639160156,24.89653968811035,359.0133361816406
2021-10-29,147.00926208496094,25.52142333984375,371.3333435058594
2021-11-01,146.18495178222656,25.780963897705078,402.86334228515625
2021-11-02,147.2251739501953,26.35393524169922,390.6666564941406
2021-11-03,148.66781616210938,26.550588607788086,404.6199951171875
2021-11-04,148.14767456054688,29.74787712097168,409.9700012207031
2021-11-05,148.6783905029297,29.698965072631836,407.36334228515625
2021-11-08,147.8528594970703,30.749088287353516,387.64666748046875
2021-11-09,148.2164764404297,30.602352142333984,341.1666564941406
2021-11-10,145.37615966796875,29.406484603881836,355.98333740234375
2021-11-11,145.3270263671875,30.33582878112793,354.5033264160156
2021-11-12,147.4105987548828,30.33582878112793,344.47332763671875
2021-11-15,147.42041015625,29.971477508544922,337.7966613769531
2021-11-16,148.4032440185547,30.149160385131836,351.57666015625
2021-11-17,150.85040283203125,29.208839416503906,363.0033264160156
2021-11-18,155.15504455566406,31.618532180786133,365.4599914550781
2021-11-19,157.7889404296875,32.92620086669922,379.0199890136719
2021-11-22,158.25088500976562,31.899032592773438,385.6233215332031
2021-11-23,158.6342010498047,31.689411163330078,369.6766662597656
2021-11-24,159.1550750732422,32.615760803222656,372.0
2021-11-26,154.11329650878906,31.44684600830078,360.6400146484375
2021-11-29,157.48428344726562,33.316505432128906,378.9966735839844
2021-11-30,162.45729064941406,32.61775588989258,381.586669921875
2021-12-01,161.93641662597656,31.3828067779541,365.0
2021-12-02,160.94375610351562,32.072662353515625,361.5333251953125
2021-12-03,159.05679321289062,30.642038345336914,338.3233337402344
2021-12-06,162.4769744873047,29.987125396728516,336.336669921875
2021-12-07,168.23617553710938,32.37315368652344,350.5833435058594
2021-12-08,172.069091796875,31.773155212402344,356.32000732421875
2021-12-09,171.55804443359375,30.439374923706055,334.6000061035156
2021-12-10,176.36395263671875,30.147857666015625,339.010009765625
2021-12-13,172.71774291992188,28.114238739013672,322.13665771484375
2021-12-14,171.3319854736328,28.289949417114258,319.5033264160156
2021-12-15,176.2165069580078,30.40842628479004,325.3299865722656
2021-12-16,169.2975616455078,28.339868545532227,308.97332763671875
2021-12-17,168.19688415527344,27.754840850830078,310.8566589355469
2021-12-20,166.83078002929688,27.6729736328125,299.9800109863281
2021-12-21,170.01502990722656,29.02672576904297,312.84332275390625
2021-12-22,172.61944580078125,29.351184844970703,336.2900085449219
2021-12-23,173.2484588623047,29.59078598022461,355.6666564941406
2021-12-27,177.22879028320312,30.89362144470215,364.64666748046875
2021-12-28,176.20668029785156,30.271656036376953,362.8233337402344
2021-12-29,176.29515075683594,29.951187133789062,362.0633239746094
2021-12-30,175.13543701171875,29.536880493164062,356.7799987792969
2021-12-31,174.5162811279297,29.36216926574707,352.260009765625
2022-01-03,178.87989807128906,30.070987701416016,399.9266662597656
2022-01-04,176.60963439941406,29.241369247436523,383.1966552734375
2022-01-05,171.91188049316406,27.558164596557617,362.7066650390625
2022-01-06,169.04208374023438,28.13121223449707,354.8999938964844
2022-01-07,169.2091064453125,27.201757431030273,342.32000732421875
2022-01-10,169.22879028320312,27.354507446289062,352.7066650390625
2022-01-11,172.069091796875,27.770811080932617,354.79998779296875
2022-01-12,172.51133728027344,27.952512741088867,368.739990234375
2022-01-13,169.22879028320312,26.530874252319336,343.85333251953125
2022-01-14,170.09368896484375,26.897266387939453,349.8699951171875
2022-01-18,166.87989807128906,25.85999298095703,343.5033264160156
2022-01-19,163.37130737304688,25.025379180908203,331.8833312988281
2022-01-20,161.6808624267578,24.10990333557129,332.0899963378906
2022-01-21,159.61700439453125,23.335193634033203,314.6333312988281
2022-01-24,158.84054565429688,23.333192825317383,310.0
2022-01-25,157.03221130371094,22.28693389892578,306.1333312988281
2022-01-26,156.9437713623047,22.734188079833984,312.4700012207031
2022-01-27,156.48182678222656,21.907562255859375,276.3666687011719
2022-01-28,167.40077209472656,22.80207633972168,282.1166687011719
2022-01-31,171.77426147460938,24.445350646972656,312.239990234375
2022-02-01,171.60716247558594,24.597091674804688,310.4166564941406
2022-02-02,172.81600952148438,25.200088500976562,301.88665771484375
2022-02-03,169.9265899658203,23.90823745727539,297.0466613769531
2022-02-04,169.6411895751953,24.27862548828125,307.7733459472656
2022-02-07,168.92286682128906,24.686941146850586,302.4466552734375
2022-02-08,172.04232788085938,25.06631088256836,307.3333435058594
2022-02-09,173.46917724609375,26.660659790039062,310.6666564941406
2022-02-10,169.37548828125,25.7811222076416,301.51666259765625
2022-02-11,165.95101928710938,23.909236907958984,286.6666564941406
2022-02-14,166.1872100830078,24.226709365844727,291.9200134277344
2022-02-15,170.0348358154297,26.451005935668945,307.4766540527344
2022-02-16,169.79869079589844,26.46697998046875,307.7966613769531
2022-02-17,166.1872100830078,24.466310501098633,292.1166687011719
2022-02-18,164.63238525390625,23.602745056152344,285.6600036621094
2022-02-22,161.6999053955078,23.351163864135742,273.84332275390625
2022-02-23,157.51763916015625,22.34982681274414,254.67999267578125
2022-02-24,160.14511108398438,23.708568572998047,266.92333984375
2022-02-25,162.22145080566406,24.116893768310547,269.9566650390625
2022-02-28,162.48712158203125,24.344512939453125,290.1433410644531
2022-03-01,160.59774780273438,23.438018798828125,288.1233215332031
2022-03-02,163.9041748046875,24.18390464782715,293.2966613769531
2022-03-03,163.57943725585938,23.678661346435547,279.7633361816406
2022-03-04,160.56825256347656,22.901819229125977,279.42999267578125
2022-03-07,156.7599334716797,21.320180892944336,268.1933288574219
2022-03-08,154.9295654296875,21.4819393157959,274.79998779296875
2022-03-09,160.3517608642578,22.979703903198242,286.3233337402344
2022-03-10,155.99240112304688,22.624231338500977,279.4333190917969
2022-03-11,152.26278686523438,22.067062377929688,265.1166687011719
2022-03-14,148.21835327148438,21.2982120513916,255.4566650390625
2022-03-15,152.6170654296875,22.938764572143555,267.2966613769531
2022-03-16,157.04530334472656,24.45949363708496,280.07666015625
2022-03-17,158.05886840820312,24.72909164428711,290.5333251953125
2022-03-18,161.3653106689453,26.413576126098633,301.7966613769531
2022-03-21,162.7429962158203,26.694156646728516,307.0533447265625
2022-03-22,166.1281280517578,26.48447608947754,331.32666015625
2022-03-23,167.4959716796875,25.595800399780273,333.03668212890625
2022-03-24,171.29443359375,28.108047485351562,337.97332763671875
2022-03-25,171.93405151367188,27.650732040405273,336.8800048828125
2022-03-28,172.80003356933594,28.17694664001465,363.9466552734375
2022-03-29,176.1064453125,28.61329460144043,366.5233459472656
2022-03-30,174.93544006347656,27.64873695373535,364.663330078125
2022-03-31,171.8258056640625,27.24533462524414,359.20001220703125
2022-04-01,171.53060913085938,26.672191619873047,361.5299987792969
2022-04-04,175.59474182128906,27.31922721862793,381.8166809082031
2022-04-05,172.26864624023438,25.892353057861328,363.7533264160156
2022-04-06,169.09011840820312,24.370624542236328,348.586669921875
2022-04-07,169.39520263671875,24.171924591064453,352.4200134277344
2022-04-08,167.37786865234375,23.08454704284668,341.8299865722656
2022-04-11,163.10708618164062,21.884336471557617,325.30999755859375
2022-04-12,164.98663330078125,21.471952438354492,328.98333740234375
2022-04-13,167.6829376220703,22.16991424560547,340.7900085449219
2022-04-14,162.6544189453125,21.226316452026367,328.3333435058594
2022-04-18,162.43792724609375,21.750537872314453,334.7633361816406
2022-04-19,164.7307891845703,22.164918899536133,342.7166748046875
2022-04-20,164.5634765625,21.44998550415039,325.73333740234375
2022-04-21,163.76641845703125,20.152921676635742,336.260009765625
2022-04-22,159.21022033691406,19.485918045043945,335.01666259765625
2022-04-25,160.28286743164062,19.872339248657227,332.67333984375
2022-04-26,154.2998046875,18.760000228881836,292.1400146484375
2022-04-27,154.07347106933594,18.387556076049805,293.836669921875
2022-04-28,161.03074645996094,19.752519607543945,292.5033264160156
2022-04-29,155.13624572753906,18.519359588623047,290.2533264160156
2022-05-02,155.44131469726562,19.503889083862305,300.9800109863281
2022-05-03,156.9370574951172,19.57278823852539,303.0833435058594
2022-05-04,163.372802734375,20.303695678710938,317.5400085449219
2022-05-05,154.27027893066406,18.81591796875,291.09332275390625
2022-05-06,154.99954223632812,18.647165298461914,288.54998779296875
2022-05-09,149.855224609375,16.924741744995117,262.3699951171875
2022-05-10,152.26974487304688,17.568777084350586,266.67999267578125
2022-05-11,144.3758544921875,16.605215072631836,244.6666717529297
2022-05-12,140.49301147460938,16.150894165039062,242.6666717529297
2022-05-13,144.97698974609375,17.679609298706055,256.5299987792969
2022-05-16,143.4297637939453,17.23826789855957,241.4566650390625
2022-05-17,147.07611083984375,18.14990997314453,253.8699951171875
2022-05-18,138.77821350097656,16.912755966186523,236.60333251953125
2022-05-19,135.3585205078125,17.098478317260742,236.47332763671875
2022-05-20,135.5950469970703,16.669124603271484,221.3000030517578
2022-05-23,141.03500366210938,16.872817993164062,224.96665954589844
2022-05-24,138.32485961914062,16.129926681518555,209.3866729736328
2022-05-25,138.48255920410156,16.949705123901367,219.60000610351562
2022-05-26,141.69525146484375,17.824398040771484,235.91000366210938
2022-05-27,147.47030639648438,18.78296661376953,253.2100067138672
2022-05-31,146.68191528320312,18.644174575805664,252.75332641601562
2022-06-01,146.55381774902344,18.292701721191406,246.7899932861328
2022-06-02,149.01759338378906,19.56280517578125,258.3333435058594
2022-06-03,143.27207946777344,18.692100524902344,234.51666259765625
2022-06-06,144.0210418701172,18.75800323486328,238.27999877929688
2022-06-07,146.55381774902344,18.897794723510742,238.8866729736328
2022-06-08,145.81468200683594,18.624147415161133,241.86666870117188
2022-06-09,140.57179260253906,18.024913787841797,239.7066650390625
2022-06-10,135.1417236328125,16.952289581298828,232.22999572753906
2022-06-13,129.9678497314453,15.626985549926758,215.73666381835938
2022-06-14,130.83506774902344,15.815743446350098,220.88999938964844
2022-06-15,133.46632385253906,16.505859375,233.0
2022-06-16,128.1742401123047,15.58104419708252,213.10000610351562
2022-06-17,129.65248107910156,15.859686851501465,216.75999450683594
2022-06-21,133.89999389648438,16.54480743408203,237.0366668701172
2022-06-22,133.38748168945312,16.339073181152344,236.086669921875
2022-06-23,136.26516723632812,16.204246520996094,235.07000732421875
2022-06-24,139.6060333251953,17.10409164428711,245.7066650390625
2022-06-27,139.6060333251953,16.847421646118164,244.9199981689453
2022-06-28,135.4472198486328,15.961557388305664,232.663330078125
2022-06-29,137.21124267578125,15.522116661071777,228.49000549316406
2022-06-30,134.73764038085938,15.139610290527344,224.47332763671875
2022-07-01,136.91558837890625,14.504422187805176,227.26333618164062
2022-07-05,139.5074462890625,14.944856643676758,233.06666564941406
2022-07-06,140.84776306152344,15.110645294189453,231.73333740234375
2022-07-07,144.22802734375,15.837714195251465,244.5433349609375
2022-07-08,144.9080047607422,15.817739486694336,250.76333618164062
2022-07-11,142.7694549560547,15.13261890411377,234.3433380126953
2022-07-12,143.74513244628906,15.062707901000977,233.07000732421875
2022-07-13,143.38050842285156,15.144600868225098,237.0399932861328
2022-07-14,146.31729125976562,15.352336883544922,238.31333923339844
2022-07-15,147.9926300048828,15.741839408874512,240.06666564941406
2022-07-18,144.93759155273438,16.080400466918945,240.54666137695312
2022-07-19,148.8106231689453,16.970264434814453,245.52999877929688
2022-07-20,150.82098388671875,17.784225463867188,247.5
2022-07-21,153.09754943847656,18.02691078186035,271.7066650390625
2022-07-22,151.8557891845703,17.296846389770508,272.24334716796875
2022-07-25,150.73233032226562,17.002222061157227,268.4333190917969
2022-07-26,149.4019317626953,16.511852264404297,258.8599853515625
2022-07-27,154.51663208007812,17.767242431640625,274.82000732421875
2022-07-28,155.0685272216797,17.96099281311035,280.8999938964844
2022-07-29,160.15370178222656,18.139768600463867,297.1499938964844
2022-08-01,159.16822814941406,18.41741180419922,297.27667236328125
2022-08-02,157.68997192382812,18.502302169799805,300.586669921875
2022-08-03,163.72125244140625,18.86882972717285,307.39666748046875
2022-08-04,163.4058837890625,19.190420150756836,308.6333312988281
2022-08-05,163.17889404296875,18.964710235595703,288.1700134277344
2022-08-08,162.7052001953125,17.770238876342773,290.42333984375
2022-08-09,162.75453186035156,17.064146041870117,283.3333435058594
2022-08-10,167.01779174804688,18.073848724365234,294.3566589355469
2022-08-11,166.2776641845703,17.919050216674805,286.6300048828125
2022-08-12,169.84024047851562,18.68506622314453,300.0299987792969
2022-08-15,170.91595458984375,19.00765609741211,309.32000732421875
2022-08-16,170.758056640625,18.85485076904297,306.5633239746094
2022-08-17,172.2581024169922,18.31154441833496,303.9966735839844
2022-08-18,171.86334228515625,18.748987197875977,302.8699951171875
2022-08-19,169.26788330078125,17.826169967651367,296.6666564941406
2022-08-22,165.3697509765625,17.012208938598633,289.913330078125
2022-08-23,165.0341796875,17.15902328491211,296.4533386230469
2022-08-24,165.3302764892578,17.19997215270996,297.0966796875
2022-08-25,167.7974395751953,17.890085220336914,296.07000732421875
2022-08-26,161.4716033935547,16.239198684692383,288.0899963378906
2022-08-29,159.26101684570312,15.780787467956543,284.82000732421875
2022-08-30,156.8234405517578,15.448213577270508,277.70001220703125
2022-08-31,155.15565490722656,15.074692726135254,275.6099853515625
2022-09-01,155.88592529296875,13.919170379638672,277.1600036621094
2022-09-02,153.7641143798828,13.629542350769043,270.2099914550781
2022-09-06,152.50096130371094,13.447774887084961,274.4200134277344
2022-09-07,153.9121856689453,13.700526237487793,283.70001220703125
2022-09-08,152.431884765625,13.976255416870117,289.260009765625
2022-09-09,155.30364990234375,14.372865676879883,299.67999267578125
2022-09-12,161.28407287597656,14.49074935913086,304.4200134277344
2022-09-13,151.82000732421875,13.118101119995117,292.1300048828125
2022-09-14,153.2707061767578,13.115102767944336,302.6099853515625
2022-09-15,150.36932373046875,12.916298866271973,303.75
2022-09-16,148.72125244140625,13.18503475189209,303.3500061035156
2022-09-19,152.45159912109375,13.368852615356445,309.07000732421875
2022-09-20,154.83984375,13.163056373596191,308.7300109863281
2022-09-21,151.70159912109375,13.24797248840332,300.79998779296875
2022-09-22,150.73448181152344,12.548659324645996,288.5899963378906
2022-09-23,148.4547576904297,12.503705024719238,275.3299865722656
2022-09-26,148.7903289794922,12.215987205505371,276.010009765625
2022-09-27,149.76736450195312,12.400806427001953,282.94000244140625
2022-09-28,147.8725128173828,12.723488807678223,287.80999755859375
2022-09-29,140.6091766357422,12.20799446105957,268.2099914550781
2022-09-30,136.3853759765625,12.127074241638184,265.25
2022-10-03,140.57957458496094,12.49970817565918,242.39999389648438
2022-10-04,144.18167114257812,13.15406322479248,249.44000244140625
2022-10-05,144.47767639160156,13.196024894714355,240.80999755859375
2022-10-06,143.5204315185547,13.117101669311523,238.1300048828125
2022-10-07,138.25059509277344,12.06413745880127,223.07000732421875
2022-10-10,138.5762481689453,11.658535957336426,222.9600067138672
2022-10-11,137.15512084960938,11.57461929321289,216.5
2022-10-12,136.52354431152344,11.488701820373535,217.24000549316406
2022-10-13,141.11248779296875,11.948251724243164,221.72000122070312
2022-10-14,136.56300354003906,11.215970993041992,204.99000549316406
2022-10-17,140.54010009765625,11.876320838928223,219.35000610351562
2022-10-18,141.8625030517578,11.955244064331055,220.19000244140625
2022-10-19,141.97103881835938,12.039159774780273,222.0399932861328
2022-10-20,141.50723266601562,12.182021141052246,207.27999877929688
2022-10-21,145.3362579345703,12.453751564025879,214.44000244140625
2022-10-24,147.4876708984375,12.586624145507812,211.25
2022-10-25,150.33973693847656,13.24797248840332,222.4199981689453
2022-10-26,147.3889617919922,12.883331298828125,224.63999938964844
2022-10-27,142.89871215820312,13.163056373596191,225.08999633789062
2022-10-28,153.69508361816406,13.820408821105957,228.52000427246094
2022-10-31,151.3265838623047,13.483741760253906,227.5399932861328
2022-11-01,148.67190551757812,13.529694557189941,227.82000732421875
2022-11-02,143.12570190429688,13.206013679504395,214.97999572753906
2022-11-03,137.05642700195312,13.407814979553223,215.30999755859375
2022-11-04,136.78955078125,14.14209270477295,207.47000122070312
2022-11-07,137.32333374023438,14.286952018737793,197.0800018310547
2022-11-08,137.8966827392578,14.587655067443848,191.3000030517578
2022-11-09,133.3199005126953,13.762466430664062,177.58999633789062
2022-11-10,145.18197631835938,15.734526634216309,190.72000122070312
2022-11-11,147.97946166992188,16.310958862304688,195.97000122070312
2022-11-14,146.5757598876953,16.278993606567383,190.9499969482422
2022-11-15,148.31552124023438,16.649627685546875,194.4199981689453
2022-11-16,147.07989501953125,15.894371032714844,186.9199981689453
2022-11-17,148.98773193359375,15.661599159240723,183.1699981689453
2022-11-18,149.55116271972656,15.3938627243042,180.19000244140625
2022-11-21,146.30885314941406,15.301953315734863,167.8699951171875
2022-11-22,148.45391845703125,16.022245407104492,169.91000366210938
2022-11-23,149.33370971679688,16.502771377563477,183.1999969482422
2022-11-25,146.40771484375,16.254016876220703,182.86000061035156
2022-11-28,142.5624542236328,15.81145191192627,182.9199981689453
2022-11-29,139.54747009277344,15.623635292053223,180.8300018310547
2022-11-30,146.3286590576172,16.91069793701172,194.6999969482422
2022-12-01,146.60540771484375,17.122543334960938,194.6999969482422
2022-12-02,146.11117553710938,16.863733291625977,194.86000061035156
2022-12-05,144.9447479248047,16.59792709350586,182.4499969482422
2022-12-06,141.26748657226562,15.975380897521973,179.82000732421875
2022-12-07,139.32012939453125,16.10828399658203,174.0399932861328
2022-12-08,141.01048278808594,17.15652084350586,173.44000244140625
2022-12-09,140.526123046875,16.98863983154297,179.0500030517578
2022-12-12,142.82933044433594,17.522254943847656,167.82000732421875
2022-12-13,143.79808044433594,18.058866500854492,160.9499969482422
2022-12-14,141.56405639648438,17.66115379333496,156.8000030517578
2022-12-15,134.93113708496094,16.939678192138672,157.6699981689453
2022-12-16,132.9640350341797,16.558956146240234,150.22999572753906
2022-12-19,130.8486328125,16.242183685302734,149.8699951171875
2022-12-20,130.7794189453125,16.07331085205078,137.8000030517578
2022-12-21,133.89321899414062,16.48900604248047,137.57000732421875
2022-12-22,130.71022033691406,15.327851295471191,125.3499984741211
2022-12-23,130.34449768066406,15.194948196411133,123.1500015258789
2022-12-27,128.5355224609375,14.110736846923828,109.0999984741211
2022-12-28,124.59137725830078,14.025798797607422,112.70999908447266
2022-12-29,128.12034606933594,14.592386245727539,121.81999969482422
2022-12-30,128.43666076660156,14.603379249572754,123.18000030517578
2023-01-03,123.63252258300781,14.304594993591309,108.0999984741211
2023-01-04,124.90770721435547,14.73828125,113.63999938964844
2023-01-05,123.58309173583984,14.254631996154785,110.33999633789062
2023-01-06,128.13023376464844,14.848200798034668,113.05999755859375
2023-01-09,128.65414428710938,15.616642951965332,119.7699966430664
2023-01-10,129.2274932861328,15.89743709564209,118.8499984741211
2023-01-11,131.95574951171875,15.98936939239502,123.22000122070312
2023-01-12,131.87669372558594,16.498998641967773,123.55999755859375
2023-01-13,133.21116638183594,16.886716842651367,122.4000015258789
2023-01-17,134.3776092529297,17.689132690429688,131.49000549316406
2023-01-18,133.656005859375,17.36437225341797,128.77999877929688
2023-01-19,133.71530151367188,16.752811431884766,127.16999816894531
2023-01-20,136.28541564941406,17.82603645324707,133.4199981689453
2023-01-23,139.48817443847656,19.179048538208008,143.75
2023-01-24,140.891845703125,19.250995635986328,143.88999938964844
2023-01-25,140.22955322265625,19.3089542388916,144.42999267578125
2023-01-26,142.30540466308594,19.78760528564453,160.27000427246094
2023-01-27,144.25277709960938,20.350196838378906,177.89999389648438
2023-01-30,141.35646057128906,19.148073196411133,166.66000366210938
2023-01-31,142.63160705566406,19.522804260253906,173.22000122070312
2023-02-01,143.7584991455078,20.927776336669922,181.41000366210938
2023-02-02,149.0865936279297,21.693220138549805,188.27000427246094
2023-02-03,152.72427368164062,21.08466339111328,189.97999572753906
2023-02-06,149.98611450195312,21.07367515563965,194.75999450683594
2023-02-07,152.87255859375,22.15688705444336,196.80999755859375
2023-02-08,150.1739501953125,22.188859939575195,201.2899932861328
2023-02-09,149.135986328125,22.32076644897461,207.32000732421875
2023-02-10,149.50230407714844,21.249544143676758,196.88999938964844
2023-02-13,152.31396484375,21.77216148376465,194.63999938964844
2023-02-14,151.67044067382812,22.954301834106445,209.25
2023-02-15,153.7791748046875,22.747451782226562,214.24000549316406
2023-02-16,152.1753692626953,21.98600959777832,202.0399932861328
2023-02-17,151.02694702148438,21.372453689575195,208.30999755859375
2023-02-21,146.99757385253906,20.639986038208008,197.3699951171875
2023-02-22,147.42327880859375,20.73891830444336,200.86000061035156
2023-02-23,147.9083709716797,23.64679718017578,202.07000732421875
2023-02-24,145.24525451660156,23.269075393676758,196.8800048828125
2023-02-27,146.4431610107422,23.483917236328125,207.6300048828125
2023-02-28,145.93826293945312,23.199125289916992,205.7100067138672
2023-03-01,143.85922241210938,22.681501388549805,202.77000427246094
2023-03-02,144.45321655273438,23.297054290771484,190.89999389648438
2023-03-03,149.52210998535156,23.872638702392578,197.7899932861328
2023-03-06,152.2941436767578,23.536880493164062,193.80999755859375
2023-03-07,150.08642578125,23.275028228759766,187.7100067138672
2023-03-08,151.34375,24.167530059814453,182.0
2023-03-09,149.0865020751953,23.422945022583008,172.9199981689453
2023-03-10,147.0173797607422,22.95220375061035,173.44000244140625
2023-03-13,148.9676971435547,22.953203201293945,174.47999572753906
2023-03-14,151.0665283203125,24.049592971801758,183.25999450683594
2023-03-15,151.46253967285156,24.214502334594727,180.4499969482422
2023-03-16,154.29397583007812,25.526771545410156,184.1300048828125
2023-03-17,153.4524688720703,25.71066665649414,180.1300048828125
2023-03-20,155.82850646972656,25.885570526123047,183.25
2023-03-21,157.6897430419922,26.184402465820312,197.5800018310547
2023-03-22,156.2542266845703,26.4532527923584,191.14999389648438
2023-03-23,157.34324645996094,27.175851821899414,192.22000122070312
2023-03-24,158.65005493164062,26.764081954956055,190.41000366210938
2023-03-27,156.69972229003906,26.516218185424805,191.80999755859375
2023-03-28,156.0760040283203,26.395288467407227,189.19000244140625
2023-03-29,159.1648712158203,26.96896743774414,193.8800048828125
2023-03-30,160.73899841308594,27.36774444580078,195.27999877929688
2023-03-31,163.25363159179688,27.761526107788086,207.4600067138672
2023-04-03,164.5109405517578,27.949420928955078,194.77000427246094
2023-04-04,163.97633361816406,27.437705993652344,192.5800018310547
2023-04-05,162.125,26.866024017333984,185.52000427246094
2023-04-06,163.0160369873047,27.021940231323242,185.05999755859375
2023-04-10,160.41226196289062,27.563634872436523,184.50999450683594
2023-04-11,159.194580078125,27.153865814208984,186.7899932861328
2023-04-12,158.50155639648438,26.480239868164062,180.5399932861328
2023-04-13,163.90704345703125,26.448253631591797,185.89999389648438
2023-04-14,163.560546875,26.743093490600586,185.0
2023-04-17,163.580322265625,26.986955642700195,187.0399932861328
2023-04-18,164.80795288085938,27.651586532592773,184.30999755859375
2023-04-19,165.95639038085938,27.915437698364258,180.58999633789062
2023-04-20,164.98617553710938,27.08890151977539,162.99000549316406
2023-04-21,163.37245178222656,27.10388946533203,165.0800018310547
2023-04-24,163.6793212890625,27.026933670043945,162.5500030517578
2023-04-25,162.13491821289062,26.22637939453125,160.6699981689453
2023-04-26,162.125,26.94097900390625,153.75
2023-04-27,166.7285919189453,27.210830688476562,160.19000244140625
2023-04-28,167.9858856201172,27.73354148864746,164.30999755859375
2023-05-01,167.89678955078125,28.893892288208008,161.8300018310547
2023-05-02,166.8572998046875,28.19428253173828,160.30999755859375
2023-05-03,165.77816772460938,27.78651237487793,160.61000061035156
2023-05-04,164.1347198486328,27.54664421081543,161.1999969482422
2023-05-05,171.8370819091797,28.66402244567871,170.05999755859375
2023-05-08,171.76776123046875,29.134756088256836,171.7899932861328
2023-05-09,170.0550537109375,28.555082321166992,169.14999389648438
2023-05-10,171.82716369628906,28.86890983581543,168.5399932861328
2023-05-11,172.01527404785156,28.56207847595215,172.0800018310547
2023-05-12,171.08335876464844,28.32421112060547,167.97999572753906
2023-05-15,170.587646484375,28.93686866760254,166.35000610351562
2023-05-16,170.587646484375,29.19672393798828,166.52000427246094
2023-05-17,171.20233154296875,30.16118621826172,173.86000061035156
2023-05-18,173.5419921875,31.660350799560547,176.88999938964844
2023-05-19,173.65103149414062,31.24658203125,180.13999938964844
2023-05-22,172.69931030273438,31.158632278442383,188.8699951171875
2023-05-23,170.08206176757812,30.6709041595459,185.77000427246094
2023-05-24,170.35964965820312,30.520984649658203,182.89999389648438
2023-05-25,171.499755859375,37.95883560180664,184.47000122070312
2023-05-26,173.9187469482422,38.92430114746094,193.1699981689453
2023-05-30,175.77261352539062,40.08865737915039,201.16000366210938
2023-05-31,175.72305297851562,37.812923431396484,203.92999267578125
2023-06-01,178.53858947753906,39.747840881347656,207.52000427246094
2023-06-02,179.39117431640625,39.305091857910156,213.97000122070312
2023-06-05,178.03297424316406,39.1491813659668,217.61000061035156
2023-06-06,177.66615295410156,38.63246536254883,221.30999755859375
2023-06-07,176.28814697265625,37.45799255371094,224.57000732421875
2023-06-08,179.0144500732422,38.492530822753906,234.86000061035156
2023-06-09,179.40109252929688,38.75240707397461,244.39999389648438
2023-06-12,182.20669555664062,39.464088439941406,249.8300018310547
2023-06-13,181.73086547851562,41.003387451171875,258.7099914550781
2023-06-14,182.3653106689453,42.97749328613281,256.7900085449219
2023-06-15,184.4075927734375,42.63365173339844,255.89999389648438
2023-06-16,183.32696533203125,42.672630310058594,260.5400085449219
2023-06-20,183.41619873046875,43.78812026977539,274.45001220703125
2023-06-21,182.37522888183594,43.02547073364258,259.4599914550781
2023-06-22,185.38906860351562,43.00547790527344,264.6099853515625
2023-06-23,185.07180786132812,42.189849853515625,256.6000061035156
2023-06-26,183.6739501953125,40.61356735229492,241.0500030517578
2023-06-27,186.43994140625,41.85700225830078,250.2100067138672
2023-06-28,187.6196746826172,41.09834671020508,256.239990234375
2023-06-29,187.95675659179688,40.8034782409668,257.5
2023-06-30,192.2990264892578,42.282806396484375,261.7699890136719
2023-07-03,190.80201721191406,42.39375686645508,279.82000732421875
2023-07-05,189.68177795410156,42.29780197143555,282.4800109863281
2023-07-06,190.15762329101562,42.083900451660156,276.5400085449219
2023-07-07,189.037353515625,42.48371505737305,274.42999267578125
2023-07-10,186.98516845703125,42.160858154296875,269.6099853515625
2023-07-11,186.45974731445312,42.38576126098633,269.7900085449219
2023-07-12,188.1352081298828,43.882080078125,271.989990234375
2023-07-13,188.8985595703125,45.956138610839844,277.8999938964844
2023-07-14,189.04730224609375,45.44837188720703,281.3800048828125
2023-07-17,192.31883239746094,46.439918518066406,290.3800048828125
2023-07-18,192.06106567382812,47.472450256347656,293.3399963378906
2023-07-19,193.41928100585938,47.05564498901367,291.260009765625
2023-07-20,191.46624755859375,45.49934387207031,262.8999938964844
2023-07-21,190.2864990234375,44.28889465332031,260.0199890136719
2023-07-24,191.0895233154297,44.591766357421875,269.05999755859375
2023-07-25,191.95204162597656,45.65827560424805,265.2799987792969
2023-07-26,192.82444763183594,45.43137741088867,264.3500061035156
2023-07-27,191.55548095703125,45.87917709350586,255.7100067138672
2023-07-28,194.14300537109375,46.72879409790039,266.44000244140625
2023-07-31,194.75765991210938,46.70779800415039,267.42999267578125
2023-08-01,193.92489624023438,46.485897064208984,261.07000732421875
2023-08-02,190.92098999023438,44.24891662597656,254.11000061035156
2023-08-03,189.5231170654297,44.49480438232422,259.32000732421875
2023-08-04,180.42221069335938,44.659725189208984,253.86000061035156
2023-08-07,177.3092803955078,45.39639663696289,251.4499969482422
2023-08-08,178.2510986328125,44.643741607666016,249.6999969482422
2023-08-09,176.6549530029297,42.53469467163086,242.19000244140625
2023-08-10,176.43682861328125,42.368770599365234,245.33999633789062
2023-08-11,176.49639892578125,40.83646011352539,242.64999389648438
2023-08-14,178.15426635742188,43.73314666748047,239.75999450683594
2023-08-15,176.15890502929688,43.92006301879883,232.9600067138672
2023-08-16,175.28529357910156,43.466270446777344,225.60000610351562
2023-08-17,172.73399353027344,43.32433319091797,219.22000122070312
2023-08-18,173.2204132080078,43.279354095458984,215.49000549316406
2023-08-21,174.5605926513672,46.94569396972656,231.27999877929688
2023-08-22,175.9404754638672,45.64727783203125,233.19000244140625
2023-08-23,179.80218505859375,47.094627380371094,236.86000061035156
2023-08-24,175.0966796875,47.1416015625,230.0399932861328
2023-08-25,177.31044006347656,45.99711990356445,238.58999633789062
2023-08-28,178.87896728515625,46.813751220703125,238.82000732421875
2023-08-29,182.7803497314453,48.76186752319336,257.17999267578125
2023-08-30,186.28466796875,49.24164962768555,256.8999938964844
2023-08-31,186.50303649902344,49.332611083984375,258.0799865722656
2023-09-01,188.08151245117188,48.48699188232422,245.00999450683594
2023-09-05,188.31976318359375,48.52597427368164,256.489990234375
2023-09-06,181.57916259765625,47.043521881103516,251.9199981689453
2023-09-07,176.26806640625,46.22383117675781,251.49000549316406
2023-09-08,176.88356018066406,45.555076599121094,248.5
2023-09-11,178.0549774169922,45.161224365234375,273.5799865722656
2023-09-12,175.01727294921875,44.853336334228516,267.4800109863281
2023-09-13,172.94244384765625,45.46811294555664,271.29998779296875
2023-09-14,174.46131896972656,45.56407928466797,276.0400085449219
2023-09-15,173.73663330078125,43.883697509765625,274.3900146484375
2023-09-18,176.6750946044922,43.94967269897461,265.2799987792969
2023-09-19,177.76710510253906,43.50383758544922,266.5
2023-09-20,174.213134765625,42.22331619262695,262.5899963378906
2023-09-21,172.66448974609375,41.001766204833984,255.6999969482422
2023-09-22,173.51821899414062,41.594547271728516,244.8800048828125
2023-09-25,174.79884338378906,42.206321716308594,246.99000549316406
2023-09-26,170.70884704589844,41.89543533325195,244.1199951171875
2023-09-27,169.18995666503906,42.45222854614258,240.5
2023-09-28,169.44808959960938,43.072998046875,246.3800048828125
2023-09-29,169.9642791748047,43.48284912109375,250.22000122070312
2023-10-02,172.48580932617188,44.7653694152832,251.60000610351562
2023-10-03,171.1456298828125,43.50083541870117,246.52999877929688
2023-10-04,172.39646911621094,44.02465057373047,261.1600036621094
2023-10-05,173.63735961914062,44.67140579223633,260.04998779296875
2023-10-06,176.19859313964844,45.7450065612793,260.5299987792969
2023-10-09,177.6876983642578,45.256187438964844,259.6700134277344
2023-10-10,177.092041015625,45.78099060058594,263.6199951171875
2023-10-11,178.49179077148438,46.78861999511719,262.989990234375
2023-10-12,179.3951873779297,46.92756271362305,258.8699951171875
2023-10-13,177.5487060546875,45.444114685058594,251.1199951171875
2023-10-16,177.4196319580078,46.07788848876953,253.9199981689453
2023-10-17,175.86105346679688,43.92168426513672,254.85000610351562
2023-10-18,174.5605926513672,42.18033218383789,242.67999267578125
2023-10-19,174.18338012695312,42.08536911010742,220.11000061035156
2023-10-20,171.6221466064453,41.37163162231445,211.99000549316406
2023-10-23,171.7412567138672,42.95904541015625,212.0800018310547
2023-10-24,172.17808532714844,43.646785736083984,216.52000427246094
2023-10-25,169.8551025390625,41.763484954833984,212.4199981689453
2023-10-26,165.67572021484375,40.31102752685547,205.75999450683594
2023-10-27,166.9960479736328,40.484962463378906,207.3000030517578
2023-10-30,169.05096435546875,41.145713806152344,197.36000061035156
2023-10-31,169.52749633789062,40.76485824584961,200.83999633789062
2023-11-01,172.70420837402344,42.309288024902344,205.66000366210938
2023-11-02,176.2780303955078,43.48984146118164,218.50999450683594
2023-11-03,175.3647003173828,44.98828887939453,219.9600067138672
2023-11-06,177.9259490966797,45.734012603759766,219.27000427246094
2023-11-07,180.49710083007812,45.93793869018555,222.17999267578125
2023-11-08,181.55931091308594,46.556705474853516,222.11000061035156
2023-11-09,181.0828094482422,46.93256378173828,209.97999572753906
2023-11-10,185.2875518798828,48.317047119140625,214.64999389648438
2023-11-13,183.6970977783203,48.6019401550293,223.7100067138672
2023-11-14,186.3213653564453,49.6375617980957,237.41000366210938
2023-11-15,186.887939453125,48.86984634399414,242.83999633789062
2023-11-16,188.5778045654297,49.461631774902344,233.58999633789062
2023-11-17,188.55792236328125,49.27969741821289,234.3000030517578
2023-11-20,190.30740356445312,50.390281677246094,235.60000610351562
2023-11-21,189.5022430419922,49.925453186035156,241.1999969482422
2023-11-22,190.1682586669922,48.697906494140625,234.2100067138672
2023-11-24,188.8362274169922,47.758262634277344,235.4499969482422
2023-11-27,188.6573028564453,48.224082946777344,236.0800018310547
2023-11-28,189.263671875,47.80324172973633,246.72000122070312
2023-11-29,188.23983764648438,48.122127532958984,244.13999938964844
2023-11-30,188.8163604736328,46.752628326416016,240.0800018310547
2023-12-01,190.0986785888672,46.74763488769531,238.8300018310547
2023-12-04,188.29945373535156,45.493099212646484,235.5800018310547
2023-12-05,192.26565551757812,46.552799224853516,238.72000122070312
2023-12-06,191.17221069335938,45.4901008605957,239.3699951171875
2023-12-07,193.11058044433594,46.582794189453125,242.63999938964844
2023-12-08,194.5419921875,47.49253463745117,243.83999633789062
2023-12-11,192.027099609375,46.61378479003906,239.74000549316406
2023-12-12,193.5479736328125,47.643489837646484,237.00999450683594
2023-12-13,196.77857971191406,48.07437515258789,239.2899932861328
2023-12-14,196.9276580810547,48.33629608154297,251.0500030517578
2023-12-15,196.39089965820312,48.87614059448242,253.5
2023-12-18,194.72091674804688,50.06280517578125,252.0800018310547
2023-12-19,195.7646484375,49.58993911743164,257.2200012207031
2023-12-20,193.667236328125,48.09735870361328,247.13999938964844
2023-12-21,193.51812744140625,48.97611618041992,254.5
2023-12-22,192.44459533691406,48.816162109375,252.5399932861328
2023-12-26,191.8978729248047,49.26502990722656,256.6099853515625
2023-12-27,191.9972686767578,49.402992248535156,261.44000244140625
2023-12-28,192.42471313476562,49.507965087890625,253.17999267578125
2023-12-29,191.38096618652344,49.507965087890625,248.47999572753906
2024-01-02,184.53208923339844,48.15434646606445,248.4199981689453
2024-01-03,183.150390625,47.55551528930664,238.4499969482422
2024-01-04,180.8243408203125,47.984397888183594,237.92999267578125
2024-01-05,180.09869384765625,49.08308029174805,237.49000549316406
2024-01-08,184.4525604248047,52.23818588256836,240.4499969482422
2024-01-09,184.0350799560547,53.12493896484375,234.9600067138672
2024-01-10,185.07879638671875,54.3345947265625,233.94000244140625
2024-01-11,184.48236083984375,54.806461334228516,227.22000122070312
2024-01-12,184.8104248046875,54.694488525390625,218.88999938964844
2024-01-16,182.53407287597656,56.36602020263672,219.91000366210938
2024-01-17,181.58973693847656,56.037113189697266,215.5500030517578
2024-01-18,187.50425720214844,57.090816497802734,211.8800048828125
2024-01-19,190.41676330566406,59.47414016723633,212.19000244140625
2024-01-22,192.7328643798828,59.63709259033203,208.8000030517578
2024-01-23,194.01513671875,59.85603332519531,209.13999938964844
2024-01-24,193.33921813964844,61.344608306884766,207.8300018310547
2024-01-25,193.01116943359375,61.59952926635742,182.6300048828125
2024-01-26,191.2716064453125,61.013702392578125,183.25
2024-01-29,190.58575439453125,62.44729232788086,190.92999267578125
2024-01-30,186.91775512695312,62.756202697753906,191.58999633789062
2024-01-31,183.2994842529297,61.509559631347656,187.2899932861328
2024-02-01,185.74481201171875,63.00913619995117,188.86000061035156
2024-02-02,184.7408447265625,66.14125061035156,187.91000366210938
2024-02-05,186.55990600585938,69.3123550415039,181.05999755859375
2024-02-06,188.17025756835938,68.20366668701172,185.10000610351562
2024-02-07,188.2795867919922,70.0791244506836,187.5800018310547
2024-02-08,187.19610595703125,69.62125396728516,189.55999755859375
2024-02-09,187.9624786376953,72.11256408691406,193.57000732421875
2024-02-12,186.27044677734375,72.22752380371094,188.1300048828125
2024-02-13,184.17037963867188,72.10755920410156,184.02000427246094
2024-02-14,183.28456115722656,73.87905883789062,188.7100067138672
2024-02-15,182.99594116210938,72.63739776611328,200.4499969482422
2024-02-16,181.4532012939453,72.59241485595703,199.9499969482422
2024-02-20,180.70672607421875,69.43231201171875,193.75999450683594
2024-02-21,181.46316528320312,67.452880859375,194.77000427246094
2024-02-22,183.50350952148438,78.5157470703125,197.41000366210938
2024-02-23,181.6622314453125,78.7946548461914,191.97000122070312
2024-02-26,180.30862426757812,79.06958770751953,199.39999389648438
2024-02-27,181.77171325683594,78.6786880493164,199.72999572753906
2024-02-28,180.56739807128906,77.6409912109375,202.0399932861328
2024-02-29,179.90054321289062,79.0895767211914,201.8800048828125
2024-03-01,178.815673828125,82.25567626953125,202.63999938964844
2024-03-04,174.27708435058594,85.21282958984375,188.13999938964844
2024-03-05,169.3205108642578,85.94366455078125,180.74000549316406
2024-03-06,168.32518005371094,88.67901611328125,176.5399932861328
2024-03-07,168.2057647705078,92.6470718383789,178.64999389648438
2024-03-08,169.92764282226562,87.5073013305664,175.33999633789062
2024-03-11,171.93814086914062,85.75370788574219,177.77000427246094
2024-03-12,172.41586303710938,91.89126586914062,177.5399932861328
2024-03-13,170.3257598876953,90.86650085449219,169.47999572753906
2024-03-14,172.18695068359375,87.9231948852539,162.5
2024-03-15,171.80874633789062,87.81621551513672,163.57000732421875
2024-03-18,172.90357971191406,88.43407440185547,173.8000030517578
2024-03-19,175.25250244140625,89.37686157226562,171.32000732421875
2024-03-20,177.83030700683594,90.35062408447266,175.66000366210938
2024-03-21,170.5646209716797,91.41336822509766,172.82000732421875
2024-03-22,171.4703369140625,94.2667007446289,170.8300018310547
2024-03-25,170.0470733642578,94.97952270507812,172.6300048828125
2024-03-26,168.9124298095703,92.53910064697266,177.6699981689453
2024-03-27,172.49549865722656,90.22864532470703,179.8300018310547
2024-03-28,170.67410278320312,90.33462524414062,175.7899932861328
2024-04-01,169.23092651367188,90.34162139892578,175.22000122070312
2024-04-02,168.0465087890625,89.43083953857422,166.6300048828125
2024-04-03,168.85269165039062,88.94295501708984,168.3800048828125
2024-04-04,168.02662658691406,85.88467407226562,171.11000061035156
2024-04-05,168.78302001953125,87.9871826171875,164.89999389648438
2024-04-08,167.65834045410156,87.11238861083984,172.97999572753906
2024-04-09,168.8726043701172,85.33380126953125,176.8800048828125
2024-04-10,166.99148559570312,87.0184097290039,171.75999450683594
2024-04-11,174.2173614501953,90.59456634521484,174.60000610351562
2024-04-12,175.72027587890625,88.1651382446289,171.0500030517578
2024-04-15,171.87841796875,85.98065185546875,161.47999572753906
2024-04-16,168.583984375,87.39432525634766,157.11000061035156
2024-04-17,167.21046447753906,84.01512145996094,155.4499969482422
2024-04-18,166.2549591064453,84.65097045898438,149.92999267578125
2024-04-19,164.2245635986328,76.18197631835938,147.0500030517578
2024-04-22,165.06060791015625,79.49919128417969,142.0500030517578
2024-04-23,166.11563110351562,82.40350341796875,144.67999267578125
2024-04-24,168.2256622314453,79.65815734863281,162.1300048828125
2024-04-25,169.09158325195312,82.61245727539062,170.17999267578125
2024-04-26,168.50433349609375,87.71424865722656,168.2899932861328
2024-04-29,172.6846160888672,87.73624420166016,194.0500030517578
2024-04-30,169.5294952392578,86.38156127929688,183.27999877929688
2024-05-01,168.50433349609375,83.02135467529297,179.99000549316406
2024-05-02,172.21682739257812,85.79669952392578,180.00999450683594
2024-05-03,182.51817321777344,88.76799774169922,181.19000244140625
2024-05-06,180.8560333251953,92.11820220947266,184.75999450683594
2024-05-07,181.54278564453125,90.53257751464844,177.80999755859375
2024-05-08,181.88119506835938,90.39061737060547,174.72000122070312
2024-05-09,183.70260620117188,88.72601318359375,171.97000122070312
2024-05-10,182.4368438720703,89.85672760009766,168.47000122070312
2024-05-13,185.65603637695312,90.37762451171875,171.88999938964844
2024-05-14,186.8021697998047,91.33439636230469,177.5500030517578
2024-05-15,189.08450317382812,94.60761260986328,173.99000549316406
2024-05-16,189.2041015625,94.33667755126953,174.83999633789062
2024-05-17,189.2340087890625,92.45711517333984,177.4600067138672
2024-05-20,190.4000701904297,94.75757598876953,174.9499969482422
2024-05-21,191.70570373535156,95.36344146728516,186.60000610351562
2024-05-22,190.26055908203125,94.92754364013672,180.11000061035156
2024-05-23,186.2540283203125,103.77445220947266,173.74000549316406
2024-05-24,189.3436279296875,106.44381713867188,179.24000549316406
2024-05-28,189.35360717773438,113.87406158447266,176.75
2024-05-29,189.652587890625,114.79783630371094,176.19000244140625
2024-05-30,190.6492462158203,110.47386169433594,178.7899932861328
2024-05-31,191.6060333251953,109.60707092285156,178.0800018310547
2024-06-03,193.38006591796875,114.9728012084961,176.2899932861328
2024-06-04,193.69900512695312,116.40946197509766,174.77000427246094
2024-06-05,195.21389770507812,122.4110336303711,175.0
2024-06-06,193.8285369873047,120.96936798095703,177.94000244140625
2024-06-07,196.23048400878906,120.85940551757812,177.47999572753906
2024-06-10,192.4730987548828,121.76119232177734,173.7899932861328
2024-06-11,206.4561004638672,120.89132690429688,170.66000366210938
2024-06-12,212.35630798339844,125.18065643310547,177.2899932861328
2024-06-13,213.52236938476562,129.58998107910156,182.47000122070312
2024-06-14,211.77822875976562,131.85964965820312,178.00999450683594
2024-06-17,215.94422912597656,130.95977783203125,187.44000244140625
2024-06-18,213.5721893310547,135.55906677246094,184.86000061035156
2024-06-20,208.97763061523438,130.75979614257812,181.57000732421875
2024-06-21,206.7949981689453,126.55045318603516,183.00999450683594
2024-06-24,207.4427947998047,118.09175872802734,182.5800018310547
2024-06-25,208.36968994140625,126.07051849365234,187.35000610351562
2024-06-26,212.5356903076172,126.38048553466797,196.3699951171875
2024-06-27,213.3828582763672,123.9708480834961,197.4199981689453
2024-06-28,209.91448974609375,123.52091979980469,197.8800048828125
2024-07-01,216.02395629882812,124.28080749511719,209.86000061035156
2024-07-02,219.53216552734375,122.65105438232422,231.25999450683594
2024-07-03,220.80787658691406,128.26019287109375,246.38999938964844
2024-07-05,225.5818328857422,125.8105697631836,251.52000427246094
2024-07-08,227.056884765625,128.18019104003906,252.94000244140625
2024-07-09,227.9139862060547,131.35972595214844,262.3299865722656
2024-07-10,232.1995849609375,134.88917541503906,263.260009765625
2024-07-11,226.80772399902344,127.38033294677734,241.02999877929688
2024-07-12,229.76776123046875,129.2200469970703,248.22999572753906
2024-07-15,233.61483764648438,128.420166015625,252.63999938964844
2024-07-16,234.033447265625,126.34048461914062,256.55999755859375
2024-07-17,228.1133270263672,117.97177124023438,248.5
2024-07-18,223.42906188964844,121.0712890625,249.22999572753906
2024-07-19,223.5586395263672,117.91178894042969,239.1999969482422
2024-07-22,223.20982360839844,123.52091979980469,251.50999450683594
2024-07-23,224.25628662109375,122.5710678100586,246.3800048828125
2024-07-24,217.8079376220703,114.23235321044922,215.99000549316406
2024-07-25,216.76148986816406,112.26265716552734,220.25
2024-07-26,217.2299041748047,113.04253387451172,219.8000030517578
2024-07-29,217.50897216796875,111.57276153564453,232.10000610351562
2024-07-30,218.06710815429688,103.71398162841797,222.6199951171875
2024-07-31,221.3361053466797,117.00192260742188,232.07000732421875
2024-08-01,217.62855529785156,109.1931381225586,216.86000061035156
2024-08-02,219.12355041503906,107.25342559814453,207.6699981689453
2024-08-05,208.56903076171875,100.43448638916016,198.8800048828125
2024-08-06,206.5358428955078,104.23390197753906,200.63999938964844
2024-08-07,209.11717224121094,98.89472961425781,191.75999450683594
2024-08-08,212.59547424316406,104.95378875732422,198.83999633789062
2024-08-09,215.51568603515625,104.73382568359375,200.0
2024-08-12,217.0522918701172,109.00315856933594,197.49000549316406
2024-08-13,220.78408813476562,116.12206268310547,207.8300018310547
2024-08-14,221.23309326171875,118.061767578125,201.3800048828125
2024-08-15,224.22650146484375,122.84103393554688,214.13999938964844
2024-08-16,225.5535888671875,124.56076049804688,216.1199951171875
2024-08-19,225.3939208984375,129.97991943359375,222.72000122070312
2024-08-20,226.0125732421875,127.2303466796875,221.10000610351562
2024-08-21,225.90281677246094,128.48016357421875,223.27000427246094
2024-08-22,224.0369110107422,123.72089385986328,210.66000366210938
2024-08-23,226.3418426513672,129.3500213623047,220.32000732421875
2024-08-26,226.68109130859375,126.44046783447266,213.2100067138672
2024-08-27,227.52923583984375,128.2801971435547,209.2100067138672
2024-08-28,225.99261474609375,125.59060668945312,205.75
2024-08-29,229.28536987304688,117.57183837890625,206.27999877929688
2024-08-30,228.49710083007812,119.35157012939453,214.11000061035156
2024-09-03,222.28079223632812,107.98332214355469,210.60000610351562
2024-09-04,220.36500549316406,106.19359588623047,219.41000366210938
2024-09-05,221.8916473388672,107.19344329833984,230.1699981689453
2024-09-06,220.33506774902344,102.81411743164062,210.72999572753906
2024-09-09,220.4248809814453,106.45355987548828,216.27000427246094
2024-09-10,219.62661743164062,108.08330535888672,226.1699981689453
2024-09-11,222.17103576660156,116.8919448852539,228.1300048828125
2024-09-12,222.28079223632812,119.13179016113281,229.80999755859375
2024-09-13,222.01136779785156,119.09178924560547,230.2899932861328
2024-09-16,215.84495544433594,116.7719497680664,226.77999877929688
2024-09-17,216.31390380859375,115.58203125,227.8699951171875
2024-09-18,220.20535278320312,113.36219024658203,227.1999969482422
2024-09-19,228.3673858642578,117.86187744140625,243.9199981689453
2024-09-20,227.6988525390625,115.99200439453125,238.25
2024-09-23,225.97265625,116.25199127197266,250.0
2024-09-24,226.8706817626953,120.8616714477539,254.27000427246094
2024-09-25,225.8728790283203,123.50149536132812,257.0199890136719
2024-09-26,227.02035522460938,124.03145599365234,254.22000122070312
2024-09-27,227.2897491455078,121.39163970947266,260.4599914550781
2024-09-30,232.48831176757812,121.43163299560547,261.6300048828125
2024-10-01,225.71322631835938,116.99193572998047,258.0199890136719
2024-10-02,226.28196716308594,118.84181213378906,249.02000427246094
2024-10-03,225.17440795898438,122.84153747558594,240.66000366210938
2024-10-04,226.30194091796875,124.91139221191406,250.0800018310547
2024-10-07,221.2031707763672,127.7112045288086,240.8300018310547
2024-10-08,225.27420043945312,132.88084411621094,244.5
2024-10-09,229.03591918945312,132.64085388183594,241.0500030517578
2024-10-10,228.53700256347656,134.8007049560547,238.77000427246094
2024-10-11,227.05029296875,134.79071044921875,217.8000030517578
2024-10-14,230.79205322265625,138.0605010986328,219.16000366210938
2024-10-15,233.33645629882812,131.5909423828125,219.57000732421875
2024-10-16,231.27099609375,135.7106475830078,221.3300018310547
2024-10-17,231.6401824951172,136.92056274414062,220.88999938964844
2024-10-18,234.4839324951172,137.99049377441406,220.6999969482422
2024-10-21,235.96067810058594,143.70010375976562,218.85000610351562
2024-10-22,235.342041015625,143.58010864257812,217.97000122070312
2024-10-23,230.25323486328125,139.55038452148438,213.64999389648438
2024-10-24,230.06365966796875,140.40032958984375,260.4800109863281
2024-10-25,230.9018096923828,141.53024291992188,269.19000244140625
2024-10-28,232.88743591308594,140.51031494140625,262.510009765625
2024-10-29,233.15684509277344,141.24026489257812,259.5199890136719
2024-10-30,229.59469604492188,139.3303985595703,257.54998779296875
2024-10-31,225.4138946533203,132.7508544921875,249.85000610351562
2024-11-01,222.4204864501953,135.3906707763672,248.97999572753906
2024-11-04,221.52244567871094,136.04063415527344,242.83999633789062
2024-11-05,222.95928955078125,139.90036010742188,251.44000244140625
2024-11-06,222.23089599609375,145.59996032714844,288.5299987792969
2024-11-07,226.98043823242188,148.8697509765625,296.9100036621094
2024-11-08,226.7107391357422,147.6198272705078,321.2200012207031
2024-11-11,223.98373413085938,145.24998474121094,350.0
2024-11-12,223.98373413085938,148.27976989746094,328.489990234375
2024-11-13,224.8727569580078,146.25991821289062,330.239990234375
2024-11-14,227.9693603515625,146.7498779296875,311.17999267578125
2024-11-15,224.7528839111328,141.97021484375,320.7200012207031
2024-11-18,227.7695770263672,140.1403350830078,338.739990234375
2024-11-19,228.02928161621094,146.99986267089844,346.0
2024-11-20,228.7484893798828,145.87994384765625,342.0299987792969
2024-11-21,228.26902770996094,146.65989685058594,339.6400146484375
2024-11-22,229.61753845214844,141.94021606445312,352.55999755859375
2024-11-25,232.61424255371094,136.01063537597656,338.5899963378906
2024-11-26,234.8018341064453,136.9105682373047,338.2300109863281
2024-11-27,234.67198181152344,135.33067321777344,332.8900146484375
2024-11-29,237.06935119628906,138.240478515625,345.1600036621094
2024-12-02,239.3268585205078,138.62045288085938,357.0899963378906
2024-12-03,242.3834991455078,140.25033569335938,351.4200134277344
2024-12-04,242.74310302734375,145.1300048828125,357.92999267578125
2024-12-05,242.7730712890625,145.05999755859375,369.489990234375
2024-12-06,242.5732879638672,142.44000244140625,389.2200012207031
2024-12-09,246.47900390625,138.80999755859375,389.7900085449219
2024-12-10,247.4978790283203,135.07000732421875,400.989990234375
2024-12-11,246.2192840576172,139.30999755859375,424.7699890136719
2024-12-12,247.68768310546875,137.33999633789062,418.1000061035156
2024-12-13,247.85748291015625,134.25,436.2300109863281
2024-12-16,250.7642822265625,132.0,463.0199890136719
2024-12-17,253.20159912109375,130.38999938964844,479.8599853515625
2024-12-18,247.77757263183594,128.91000366210938,440.1300048828125
2024-12-19,249.51565551757812,130.67999267578125,436.1700134277344
2024-12-20,254.21051025390625,134.6999969482422,421.05999755859375
2024-12-23,254.98965454101562,139.6699981689453,430.6000061035156
2024-12-24,257.91644287109375,140.22000122070312,462.2799987792969
2024-12-26,258.7355041503906,139.92999267578125,454.1300048828125
2024-12-27,255.30929565429688,137.00999450683594,431.6600036621094
2024-12-30,251.9230194091797,137.49000549316406,417.4100036621094
2024-12-31,250.1449737548828,134.2899932861328,403.8399963378906
