Date,AAPL,TSLA
2020-01-02,72.71605682373047,28.68400001525879
2020-01-03,72.00912475585938,29.534000396728516
2020-01-06,72.58292388916016,30.1026668548584
2020-01-07,72.24153137207031,31.270666122436523
2020-01-08,73.40364837646484,32.80933380126953
2020-01-09,74.96280670166016,32.089332580566406
2020-01-10,75.13227081298828,31.876667022705078
2020-01-13,76.73741149902344,34.990665435791016
2020-01-14,75.70121765136719,35.861331939697266
2020-01-15,75.37678527832031,34.56666564941406
2020-01-16,76.32100677490234,34.232666015625
2020-01-17,77.16596221923828,34.03333282470703
2020-01-21,76.64301300048828,36.47999954223633
2020-01-22,76.91657257080078,37.97066879272461
2020-01-23,77.28700256347656,38.14666748046875
2020-01-24,77.06426239013672,37.654666900634766
2020-01-27,74.79816436767578,37.201332092285156
2020-01-28,76.9141616821289,37.793331146240234
2020-01-29,78.52415466308594,38.732666015625
2020-01-30,78.4103775024414,42.72066879272461
2020-01-31,74.93374633789062,43.371334075927734
2020-02-03,74.72798156738281,52.0
2020-02-04,77.19499969482422,59.137332916259766
2020-02-05,77.8244857788086,48.97999954223633
2020-02-06,78.73477935791016,49.930667877197266
2020-02-07,77.6645736694336,49.871334075927734
2020-02-10,78.03343963623047,51.41866683959961
2020-02-11,77.56262969970703,51.62533187866211
2020-02-12,79.40457153320312,51.15266799926758
2020-02-13,78.83911895751953,53.599998474121094
2020-02-14,78.85855102539062,53.33533477783203
2020-02-18,77.41460418701172,57.22666549682617
2020-02-19,78.5357894897461,61.16133117675781
2020-02-20,77.73008728027344,59.96066665649414
2020-02-21,75.97066497802734,60.06666564941406
2020-02-24,72.36201477050781,55.58599853515625
2020-02-25,69.91097259521484,53.32733154296875
2020-02-26,71.02002716064453,51.91999816894531
2020-02-27,66.37757110595703,45.266666412353516
2020-02-28,66.33873748779297,44.53266525268555
2020-03-02,72.51490783691406,49.574668884277344
2020-03-03,70.2119140625,49.70066833496094
2020-03-04,73.46863555908203,49.96666717529297
2020-03-05,71.08554077148438,48.30266571044922
2020-03-06,70.14152526855469,46.89866638183594
2020-03-09,64.5938949584961,40.53333282470703
2020-03-10,69.24602508544922,43.02199935913086
2020-03-11,66.841064453125,42.28200149536133
2020-03-12,60.240211486816406,37.369998931884766
2020-03-13,67.45748901367188,36.44133377075195
2020-03-16,58.7792854309082,29.67133331298828
2020-03-17,61.36382293701172,28.68000030517578
2020-03-18,59.86163330078125,24.08133316040039
2020-03-19,59.402976989746094,28.50933265686035
2020-03-20,55.631736755371094,28.50200080871582
2020-03-23,54.44989013671875,28.952667236328125
2020-03-24,59.912593841552734,33.66666793823242
2020-03-25,59.582557678222656,35.95000076293945
2020-03-26,62.71797180175781,35.21066665649414
2020-03-27,60.12129592895508,34.29066848754883
2020-03-30,61.8370475769043,33.47533416748047
2020-03-31,61.710845947265625,34.93333435058594
2020-04-01,58.46379470825195,32.104000091552734
2020-04-02,59.43937301635742,30.29800033569336
2020-04-03,58.58513641357422,32.000667572021484
2020-04-06,63.69596481323242,34.41600036621094
2020-04-07,62.958221435546875,36.36333465576172
2020-04-08,64.5696029663086,36.589332580566406
2020-04-09,65.03553771972656,38.20000076293945
2020-04-13,66.3120346069336,43.39666748046875
2020-04-14,69.66100311279297,47.32600021362305
2020-04-15,69.02519226074219,48.65533447265625
2020-04-16,69.57366180419922,49.680667877197266
2020-04-17,68.629638671875,50.259334564208984
2020-04-20,67.20508575439453,49.75733184814453
2020-04-21,65.12777709960938,45.781333923339844
2020-04-22,67.00366973876953,48.807334899902344
2020-04-23,66.74401092529297,47.04199981689453
2020-04-24,68.6708755493164,48.34333419799805
2020-04-27,68.71942901611328,53.25
2020-04-28,67.60550689697266,51.27466583251953
2020-04-29,69.82603454589844,53.367332458496094
2020-04-30,71.29907989501953,52.12533187866211
2020-05-01,70.15122985839844,46.75466537475586
2020-05-04,71.14378356933594,50.74599838256836
2020-05-05,72.2115707397461,51.2140007019043
2020-05-06,72.95658111572266,52.172000885009766
2020-05-07,73.71131896972656,52.00266647338867
2020-05-08,75.46578216552734,54.62799835205078
2020-05-11,76.65325927734375,54.08599853515625
2020-05-12,75.7772445678711,53.96066665649414
2020-05-13,74.8623046875,52.73066711425781
2020-05-14,75.32221221923828,53.55533218383789
2020-05-15,74.87690734863281,53.27799987792969
2020-05-18,76.64108276367188,54.242000579833984
2020-05-19,76.19823455810547,53.867332458496094
2020-05-20,77.68013763427734,54.37066650390625
2020-05-21,77.10100555419922,55.17333221435547
2020-05-22,77.59739685058594,54.45866775512695
2020-05-26,77.07180786132812,54.591331481933594
2020-05-27,77.40758514404297,54.68199920654297
2020-05-28,77.44166564941406,53.72066879272461
2020-05-29,77.3662338256836,55.66666793823242
2020-06-01,78.31765747070312,59.87333297729492
2020-06-02,78.68025970458984,58.770668029785156
2020-06-03,79.11338806152344,58.86399841308594
2020-06-04,78.43205261230469,57.62533187866211
2020-06-05,80.66586303710938,59.04399871826172
2020-06-08,81.1427993774414,63.327999114990234
2020-06-09,83.70512390136719,62.711334228515625
2020-06-10,85.85865020751953,68.336669921875
2020-06-11,81.73654174804688,64.85600280761719
2020-06-12,82.44222259521484,62.35200119018555
2020-06-15,83.46180725097656,66.05999755859375
2020-06-16,85.67371368408203,65.47533416748047
2020-06-17,85.55448150634766,66.11933135986328
2020-06-18,85.58856964111328,66.9306640625
2020-06-19,85.09944915771484,66.72666931152344
2020-06-22,87.32598876953125,66.28800201416016
2020-06-23,89.18994140625,66.78533172607422
2020-06-24,87.61554718017578,64.0566635131836
2020-06-25,88.77869415283203,65.73200225830078
2020-06-26,86.05088806152344,63.982666015625
2020-06-29,88.0340805053711,67.29000091552734
2020-06-30,88.76895141601562,71.98733520507812
2020-07-01,88.60105895996094,74.64199829101562
2020-07-02,88.60105895996094,80.57733154296875
2020-07-06,90.97114562988281,91.43866729736328
2020-07-07,90.68888092041016,92.65733337402344
2020-07-08,92.80103302001953,91.05867004394531
2020-07-09,93.20010375976562,92.9520034790039
2020-07-10,93.36312103271484,102.97666931152344
2020-07-13,92.93243408203125,99.80400085449219
2020-07-14,94.47032165527344,101.12000274658203
2020-07-15,95.1200180053711,103.06732940673828
2020-07-16,93.94956970214844,100.04266357421875
2020-07-17,93.759765625,100.05599975585938
2020-07-20,95.73566436767578,109.53333282470703
2020-07-21,94.41435241699219,104.55733489990234
2020-07-22,94.6795883178711,106.15533447265625
2020-07-23,90.37013244628906,100.87133026123047
2020-07-24,90.14622497558594,94.46666717529297
2020-07-27,92.28273010253906,102.63999938964844
2020-07-28,90.7667465209961,98.43267059326172
2020-07-29,92.50660705566406,99.94066619873047
2020-07-30,93.62593078613281,99.16600036621094
2020-07-31,103.42750549316406,95.38400268554688
2020-08-03,106.03366088867188,99.0
2020-08-04,106.74175262451172,99.13333129882812
2020-08-05,107.12864685058594,99.00133514404297
2020-08-06,110.86629486083984,99.30533599853516
2020-08-07,108.34565734863281,96.84733581542969
2020-08-10,109.92045593261719,94.57133483886719
2020-08-11,106.65142822265625,91.6259994506836
2020-08-12,110.1958999633789,103.65066528320312
2020-08-13,112.14611053466797,108.06666564941406
2020-08-14,112.04617309570312,110.04733276367188
2020-08-17,111.75363159179688,122.3759994506836
2020-08-18,112.68484497070312,125.80599975585938
2020-08-19,112.82623291015625,125.23533630371094
2020-08-20,115.32979583740234,133.45533752441406
2020-08-21,121.27304077148438,136.6653289794922
2020-08-24,122.7234878540039,134.27999877929688
2020-08-25,121.71671295166016,134.8893280029297
2020-08-26,123.3719253540039,143.54466247558594
2020-08-27,121.89710235595703,149.25
2020-08-28,121.69963836669922,147.55999755859375
2020-08-31,125.82671356201172,166.10667419433594
2020-09-01,130.8387451171875,158.35000610351562
2020-09-02,128.12794494628906,149.1233367919922
2020-09-03,117.86991119384766,135.6666717529297
2020-09-04,117.94792175292969,139.44000244140625
2020-09-08,110.0106430053711,110.06999969482422
2020-09-09,114.39859008789062,122.09333038330078
2020-09-10,110.6639404296875,123.77999877929688
2020-09-11,109.21105194091797,124.23999786376953
2020-09-14,112.48738861083984,139.8733367919922
2020-09-15,112.66291809082031,149.9199981689453
2020-09-16,109.33782196044922,147.25332641601562
2020-09-17,107.5923843383789,141.14332580566406
2020-09-18,104.17955780029297,147.38333129882812
2020-09-21,107.33887481689453,149.79666137695312
2020-09-22,109.0257797241211,141.41000366210938
2020-09-23,104.45258331298828,126.78666687011719
2020-09-24,105.5251693725586,129.26333618164062
2020-09-25,109.48409271240234,135.77999877929688
2020-09-28,112.09735107421875,140.39999389648438
2020-09-29,111.2490234375,139.69000244140625
2020-09-30,112.92618560791016,143.00332641601562
2020-10-01,113.88178253173828,149.3866729736328
2020-10-02,110.20563507080078,138.3633270263672
2020-10-05,113.59901428222656,141.89332580566406
2020-10-06,110.34219360351562,137.9933319091797
2020-10-07,112.2143783569336,141.76666259765625
2020-10-08,112.10710144042969,141.97332763671875
2020-10-09,114.05729675292969,144.6666717529297
2020-10-12,121.30230712890625,147.43333435058594
2020-10-13,118.08447265625,148.88333129882812
2020-10-14,118.17222595214844,153.76666259765625
2020-10-15,117.70417022705078,149.6266632080078
2020-10-16,116.05625915527344,146.55667114257812
2020-10-19,113.09196472167969,143.61000061035156
2020-10-20,114.58386993408203,140.64666748046875
2020-10-21,113.95977020263672,140.8800048828125
2020-10-22,112.86768341064453,141.92999267578125
2020-10-23,112.17536163330078,140.2100067138672
2020-10-26,112.18511199951172,140.0933380126953
2020-10-27,113.6965103149414,141.55999755859375
2020-10-28,108.43098449707031,135.33999633789062
2020-10-29,112.4483871459961,136.94332885742188
2020-10-30,106.14923858642578,129.34666442871094
2020-11-02,106.06149291992188,133.50332641601562
2020-11-03,107.68990325927734,141.3000030517578
2020-11-04,112.08759307861328,140.32666015625
2020-11-05,116.0660171508789,146.02999877929688
2020-11-06,115.93415069580078,143.31666564941406
2020-11-09,113.61917114257812,140.4199981689453
2020-11-10,113.27729797363281,136.7866668701172
2020-11-11,116.71556091308594,139.0433349609375
2020-11-12,116.44207000732422,137.25332641601562
2020-11-13,116.49092102050781,136.1666717529297
2020-11-16,117.50676727294922,136.02999877929688
2020-11-17,116.61788177490234,147.20333862304688
2020-11-18,115.28947448730469,162.2133331298828
2020-11-19,115.88529205322266,166.42333984375
2020-11-20,114.61549377441406,163.20333862304688
2020-11-23,111.2065200805664,173.9499969482422
2020-11-24,112.49588012695312,185.1266632080078
2020-11-25,113.3359146118164,191.3333282470703
2020-11-27,113.8829116821289,195.25332641601562
2020-11-30,116.28578186035156,189.1999969482422
2020-12-01,119.8705825805664,194.9199981689453
2020-12-02,120.22221374511719,189.60667419433594
2020-12-03,120.08546447753906,197.7933349609375
2020-12-04,119.41149139404297,199.67999267578125
2020-12-07,120.87666320800781,213.9199981689453
2020-12-08,121.49201965332031,216.6266632080078
2020-12-09,118.95240020751953,201.4933319091797
2020-12-10,120.37849426269531,209.02333068847656
2020-12-11,119.5677719116211,203.3300018310547
2020-12-14,118.95240020751953,213.27667236328125
2020-12-15,124.91075897216797,211.0833282470703
2020-12-16,124.84239196777344,207.58999633789062
2020-12-17,125.71170043945312,218.63333129882812
2020-12-18,123.71910095214844,231.6666717529297
2020-12-21,125.25262451171875,216.6199951171875
2020-12-22,128.81788635253906,213.44667053222656
2020-12-23,127.91923522949219,215.32666015625
2020-12-24,128.9058074951172,220.58999633789062
2020-12-28,133.5162353515625,221.22999572753906
2020-12-29,131.73843383789062,221.99667358398438
2020-12-30,130.6151580810547,231.5933380126953
2020-12-31,129.60906982421875,235.22332763671875
2021-01-04,126.40525817871094,243.2566680908203
2021-01-05,127.96807861328125,245.0366668701172
2021-01-06,123.66046142578125,251.9933319091797
2021-01-07,127.88016510009766,272.0133361816406
2021-01-08,128.98391723632812,293.3399963378906
2021-01-11,125.9852066040039,270.39666748046875
2021-01-12,125.80940246582031,283.14666748046875
2021-01-13,127.85087585449219,284.8033447265625
2021-01-14,125.9168701171875,281.6666564941406
2021-01-15,124.18794250488281,275.38665771484375
2021-01-19,124.8619155883789,281.51666259765625
2021-01-20,128.96441650390625,283.48333740234375
2021-01-21,133.69200134277344,281.663330078125
2021-01-22,135.84092712402344,282.21331787109375
2021-01-25,139.6015167236328,293.6000061035156
2021-01-26,139.83596801757812,294.36334228515625
2021-01-27,138.76153564453125,288.0533447265625
2021-01-28,133.90689086914062,278.4766540527344
2021-01-29,128.8960723876953,264.510009765625
2021-02-01,131.02540588378906,279.9366760253906
2021-02-02,131.8556671142578,290.92999267578125
2021-02-03,130.83006286621094,284.89666748046875
2021-02-04,134.19993591308594,283.3299865722656
2021-02-05,133.78419494628906,284.07666015625
2021-02-08,133.9309539794922,287.8066711425781
2021-02-09,133.05050659179688,283.1533203125
2021-02-10,132.44398498535156,268.2733459472656
2021-02-11,132.18968200683594,270.5533447265625
2021-02-12,132.42445373535156,272.0400085449219
2021-02-16,130.2918701171875,265.40667724609375
2021-02-17,127.99299621582031,266.04998779296875
2021-02-18,126.88760375976562,262.4599914550781
2021-02-19,127.0440902709961,260.4333190917969
2021-02-22,123.25831604003906,238.1666717529297
2021-02-23,123.12136840820312,232.94667053222656
2021-02-24,122.6224594116211,247.33999633789062
2021-02-25,118.35734558105469,227.4066619873047
2021-02-26,118.62146759033203,225.1666717529297
2021-03-01,125.00935363769531,239.47666931152344
2021-03-02,122.39746856689453,228.81333923339844
2021-03-03,119.4040298461914,217.73333740234375
2021-03-04,117.51604461669922,207.14666748046875
2021-03-05,118.7779769897461,199.31666564941406
2021-03-08,113.82808685302734,187.6666717529297
2021-03-09,118.45515441894531,224.52667236328125
2021-03-10,117.36930847167969,222.68666076660156
2021-03-11,119.30623626708984,233.1999969482422
2021-03-12,118.39646911621094,231.2433319091797
2021-03-15,121.29206085205078,235.97999572753906
2021-03-16,122.83769226074219,225.6266632080078
2021-03-17,122.04531860351562,233.93666076660156
2021-03-18,117.90733337402344,217.72000122070312
2021-03-19,117.37906646728516,218.2899932861328
2021-03-22,120.70513153076172,223.3333282470703
2021-03-23,119.87361907958984,220.72000122070312
2021-03-24,117.47693634033203,210.08999633789062
2021-03-25,117.9660415649414,213.4633331298828
2021-03-26,118.57254791259766,206.23666381835938
2021-03-29,118.7486343383789,203.76333618164062
2021-03-30,117.29106140136719,211.8733367919922
2021-03-31,119.49210357666016,222.64332580566406
2021-04-01,120.32360076904297,220.5833282470703
2021-04-05,123.1604995727539,230.35000610351562
2021-04-06,123.46373748779297,230.5399932861328
2021-04-07,125.11698913574219,223.6566619873047
2021-04-08,127.52345275878906,227.93333435058594
2021-04-09,130.10601806640625,225.67333984375
2021-04-12,128.38430786132812,233.9933319091797
2021-04-13,131.50489807128906,254.10667419433594
2021-04-14,129.15713500976562,244.07666015625
2021-04-15,131.57334899902344,246.28334045410156
2021-04-16,131.24075317382812,246.5933380126953
2021-04-19,131.90594482421875,238.2100067138672
2021-04-20,130.21363830566406,239.663330078125
2021-04-21,130.59510803222656,248.0399932861328
2021-04-22,129.06906127929688,239.89666748046875
2021-04-23,131.39727783203125,243.13333129882812
2021-04-26,131.78858947753906,246.06666564941406
2021-04-27,131.4657745361328,234.913330078125
2021-04-28,130.67337036132812,231.46665954589844
2021-04-29,130.57553100585938,225.6666717529297
2021-04-30,128.59951782226562,236.47999572753906
2021-05-03,129.65603637695312,228.3000030517578
2021-05-04,125.06806945800781,224.53334045410156
2021-05-05,125.31263732910156,223.64666748046875
2021-05-06,126.91695404052734,221.17999267578125
2021-05-07,127.59307861328125,224.1233367919922
2021-05-10,124.30060577392578,209.67999267578125
2021-05-11,123.37948608398438,205.73333740234375
2021-05-12,120.3025894165039,196.6300048828125
2021-05-13,122.45838928222656,190.56333923339844
2021-05-14,124.88854217529297,196.5800018310547
2021-05-17,123.73223876953125,192.27667236328125
2021-05-18,122.34080505371094,192.6233367919922
2021-05-19,122.18401336669922,187.82000732421875
2021-05-20,124.75135803222656,195.5933380126953
2021-05-21,122.90914154052734,193.6266632080078
2021-05-24,124.54558563232422,202.14666748046875
2021-05-25,124.34959411621094,201.56333923339844
2021-05-26,124.30060577392578,206.3766632080078
2021-05-27,122.76215362548828,210.28334045410156
2021-05-28,122.1056137084961,208.4066619873047
2021-06-01,121.7822494506836,207.96665954589844
2021-06-02,122.54657745361328,201.7066650390625
2021-06-03,121.05711364746094,190.94667053222656
2021-06-04,123.35989379882812,199.68333435058594
2021-06-07,123.36968994140625,201.7100067138672
2021-06-08,124.19280242919922,201.19667053222656
2021-06-09,124.57496643066406,199.5933380126953
2021-06-10,123.57546997070312,203.3733367919922
2021-06-11,124.79055786132812,203.29666137695312
2021-06-14,127.85762786865234,205.89666748046875
2021-06-15,127.03453826904297,199.7866668701172
2021-06-16,127.5343017578125,201.6233367919922
2021-06-17,129.1413116455078,205.53334045410156
2021-06-18,127.83804321289062,207.77000427246094
2021-06-21,129.64105224609375,206.94332885742188
2021-06-22,131.2873077392578,207.90333557128906
2021-06-23,131.012939453125,218.85667419433594
2021-06-24,130.728759765625,226.60667419433594
2021-06-25,130.43475341796875,223.9566650390625
2021-06-28,132.07122802734375,229.57333374023438
2021-06-29,133.59007263183594,226.9199981689453
2021-06-30,134.20741271972656,226.56666564941406
2021-07-01,134.51119995117188,225.97332763671875
2021-07-02,137.14715576171875,226.3000030517578
2021-07-06,139.1657257080078,219.86000061035156
2021-07-07,141.66444396972656,214.88333129882812
2021-07-08,140.36119079589844,217.60333251953125
2021-07-09,142.193603515625,218.98333740234375
2021-07-12,141.5958709716797,228.56666564941406
2021-07-13,142.7129669189453,222.84666442871094
2021-07-14,146.15240478515625,217.7933349609375
2021-07-15,145.49591064453125,216.86666870117188
2021-07-16,143.44790649414062,214.74000549316406
2021-07-19,139.58705139160156,215.4066619873047
2021-07-20,143.2127227783203,220.1666717529297
2021-07-21,142.477783203125,218.42999267578125
2021-07-22,143.8496856689453,216.4199981689453
2021-07-23,145.57427978515625,214.4600067138672
2021-07-26,145.9956512451172,219.2066650390625
2021-07-27,143.8202667236328,214.92666625976562
2021-07-28,142.0662078857422,215.66000366210938
2021-07-29,142.7129669189453,225.78334045410156
2021-07-30,142.92857360839844,229.06666564941406
2021-08-02,142.5953826904297,236.55667114257812
2021-08-03,144.3983917236328,236.5800018310547
2021-08-04,143.99664306640625,236.97332763671875
2021-08-05,144.10443115234375,238.2100067138672
2021-08-06,143.41746520996094,233.03334045410156
2021-08-09,143.36837768554688,237.9199981689453
2021-08-10,142.8875274658203,236.663330078125
2021-08-11,143.1427001953125,235.94000244140625
2021-08-12,146.1162567138672,240.75
2021-08-13,146.3223419189453,239.05667114257812
2021-08-16,148.3046875,228.72332763671875
2021-08-17,147.39202880859375,221.90333557128906
2021-08-18,143.6333465576172,229.663330078125
2021-08-19,143.967041015625,224.49000549316406
2021-08-20,145.42926025390625,226.75332641601562
2021-08-23,146.92100524902344,235.43333435058594
2021-08-24,146.8326416015625,236.163330078125
2021-08-25,145.59608459472656,237.06666564941406
2021-08-26,144.7913818359375,233.72000122070312
2021-08-27,145.83164978027344,237.30667114257812
2021-08-30,150.2674560546875,243.6366729736328
2021-08-31,149.00146484375,245.24000549316406
2021-09-01,149.66876220703125,244.69667053222656
2021-09-02,150.78756713867188,244.1300048828125
2021-09-03,151.4254608154297,244.52333068847656
2021-09-07,153.77093505859375,250.97332763671875
2021-09-08,152.22035217285156,251.2899932861328
2021-09-09,151.19973754882812,251.6199951171875
2021-09-10,146.19473266601562,245.42333984375
2021-09-13,146.7639617919922,247.6666717529297
2021-09-14,145.36056518554688,248.163330078125
2021-09-15,146.25363159179688,251.94332885742188
2021-09-16,146.0181121826172,252.3300018310547
2021-09-17,143.3389892578125,253.163330078125
2021-09-20,140.277099609375,243.38999938964844
2021-09-21,140.75794982910156,246.4600067138672
2021-09-22,143.13291931152344,250.64666748046875
2021-09-23,144.09461975097656,251.2133331298828
2021-09-24,144.18295288085938,258.1300048828125
2021-09-27,142.6618194580078,263.78668212890625
2021-09-28,139.26629638671875,259.1866760253906
2021-09-29,140.16912841796875,260.4366760253906
2021-09-30,138.86390686035156,258.49334716796875
2021-10-01,139.9925079345703,258.40667724609375
2021-10-04,136.54786682128906,260.510009765625
2021-10-05,138.48121643066406,260.1966552734375
2021-10-06,139.35459899902344,260.9166564941406
2021-10-07,140.6205596923828,264.53668212890625
2021-10-08,140.23785400390625,261.8299865722656
2021-10-11,140.14952087402344,263.9800109863281
2021-10-12,138.8737335205078,268.5733337402344
2021-10-13,138.28492736816406,270.3599853515625
2021-10-14,141.081787109375,272.7733459472656
2021-10-15,142.14170837402344,281.010009765625
2021-10-18,143.81985473632812,290.03668212890625
2021-10-19,145.98863220214844,288.0899963378906
2021-10-20,146.47933959960938,288.6000061035156
2021-10-21,146.69522094726562,298.0
2021-10-22,145.91998291015625,303.2266540527344
2021-10-25,145.8708953857422,341.6199951171875
2021-10-26,146.53823852539062,339.4766540527344
2021-10-27,146.07696533203125,345.9533386230469
2021-10-28,149.7277069091797,359.0133361816406
2021-10-29,147.00926208496094,371.3333435058594
2021-11-01,146.1849365234375,402.86334228515625
2021-11-02,147.22518920898438,390.6666564941406
2021-11-03,148.66781616210938,404.6199951171875
2021-11-04,148.147705078125,409.9700012207031
2021-11-05,148.6784210205078,407.36334228515625
2021-11-08,147.85284423828125,387.64666748046875
2021-11-09,148.21646118164062,341.1666564941406
2021-11-10,145.37615966796875,355.98333740234375
2021-11-11,145.32705688476562,354.5033264160156
2021-11-12,147.41061401367188,344.47332763671875
2021-11-15,147.42041015625,337.7966613769531
2021-11-16,148.40321350097656,351.57666015625
2021-11-17,150.85037231445312,363.0033264160156
2021-11-18,155.15504455566406,365.4599914550781
2021-11-19,157.7889862060547,379.0199890136719
2021-11-22,158.2509002685547,385.6233215332031
2021-11-23,158.63418579101562,369.6766662597656
2021-11-24,159.15505981445312,372.0
2021-11-26,154.11328125,360.6400146484375
2021-11-29,157.4842987060547,378.9966735839844
2021-11-30,162.457275390625,381.586669921875
2021-12-01,161.93638610839844,365.0
2021-12-02,160.94375610351562,361.5333251953125
2021-12-03,159.05677795410156,338.3233337402344
2021-12-06,162.47694396972656,336.336669921875
2021-12-07,168.2361602783203,350.5833435058594
2021-12-08,172.069091796875,356.32000732421875
2021-12-09,171.55801391601562,334.6000061035156
2021-12-10,176.36395263671875,339.010009765625
2021-12-13,172.71775817871094,322.13665771484375
2021-12-14,171.3319854736328,319.5033264160156
2021-12-15,176.21649169921875,325.3299865722656
2021-12-16,169.29759216308594,308.97332763671875
2021-12-17,168.1968536376953,310.8566589355469
2021-12-20,166.83074951171875,299.9800109863281
2021-12-21,170.01502990722656,312.84332275390625
2021-12-22,172.6194305419922,336.2900085449219
2021-12-23,173.24844360351562,355.6666564941406
2021-12-27,177.2288055419922,364.64666748046875
2021-12-28,176.20664978027344,362.8233337402344
2021-12-29,176.29515075683594,362.0633239746094
2021-12-30,175.13543701171875,356.7799987792969
2021-12-31,174.51629638671875,352.260009765625
2022-01-03,178.87991333007812,399.9266662597656
2022-01-04,176.60964965820312,383.1966552734375
2022-01-05,171.91184997558594,362.7066650390625
2022-01-06,169.0420684814453,354.8999938964844
2022-01-07,169.20913696289062,342.32000732421875
2022-01-10,169.22879028320312,352.7066650390625
2022-01-11,172.069091796875,354.79998779296875
2022-01-12,172.51136779785156,368.739990234375
2022-01-13,169.22879028320312,343.85333251953125
2022-01-14,170.0937042236328,349.8699951171875
2022-01-18,166.87991333007812,343.5033264160156
2022-01-19,163.3712921142578,331.8833312988281
2022-01-20,161.6808624267578,332.0899963378906
2022-01-21,159.61697387695312,314.6333312988281
2022-01-24,158.84056091308594,310.0
2022-01-25,157.03221130371094,306.1333312988281
2022-01-26,156.9437255859375,312.4700012207031
2022-01-27,156.4818572998047,276.3666687011719
2022-01-28,167.4008026123047,282.1166687011719
2022-01-31,171.77426147460938,312.239990234375
2022-02-01,171.60719299316406,310.4166564941406
2022-02-02,172.81600952148438,301.88665771484375
2022-02-03,169.92657470703125,297.0466613769531
2022-02-04,169.64120483398438,307.7733459472656
2022-02-07,168.92286682128906,302.4466552734375
2022-02-08,172.04229736328125,307.3333435058594
2022-02-09,173.46917724609375,310.6666564941406
2022-02-10,169.37551879882812,301.51666259765625
2022-02-11,165.9510040283203,286.6666564941406
2022-02-14,166.1871795654297,291.9200134277344
2022-02-15,170.0348358154297,307.4766540527344
2022-02-16,169.79867553710938,307.7966613769531
2022-02-17,166.1871795654297,292.1166687011719
2022-02-18,164.63238525390625,285.6600036621094
2022-02-22,161.6999053955078,273.84332275390625
2022-02-23,157.51768493652344,254.67999267578125
2022-02-24,160.1450958251953,266.92333984375
2022-02-25,162.221435546875,269.9566650390625
2022-02-28,162.4871063232422,290.1433410644531
2022-03-01,160.59771728515625,288.1233215332031
2022-03-02,163.90415954589844,293.2966613769531
2022-03-03,163.57943725585938,279.7633361816406
2022-03-04,160.56822204589844,279.42999267578125
2022-03-07,156.7599334716797,268.1933288574219
2022-03-08,154.92959594726562,274.79998779296875
2022-03-09,160.35171508789062,286.3233337402344
2022-03-10,155.99237060546875,279.4333190917969
2022-03-11,152.26278686523438,265.1166687011719
2022-03-14,148.21835327148438,255.4566650390625
2022-03-15,152.61705017089844,267.2966613769531
2022-03-16,157.0452880859375,280.07666015625
2022-03-17,158.0588836669922,290.5333251953125
2022-03-18,161.3653106689453,301.7966613769531
2022-03-21,162.7429962158203,307.0533447265625
2022-03-22,166.12815856933594,331.32666015625
2022-03-23,167.4959716796875,333.03668212890625
2022-03-24,171.29444885253906,337.97332763671875
2022-03-25,171.93406677246094,336.8800048828125
2022-03-28,172.80001831054688,363.9466552734375
2022-03-29,176.10646057128906,366.5233459472656
2022-03-30,174.93545532226562,364.663330078125
2022-03-31,171.82583618164062,359.20001220703125
2022-04-01,171.53060913085938,361.5299987792969
2022-04-04,175.59475708007812,381.8166809082031
2022-04-05,172.26861572265625,363.7533264160156
2022-04-06,169.09017944335938,348.586669921875
2022-04-07,169.39520263671875,352.4200134277344
2022-04-08,167.3778839111328,341.8299865722656
2022-04-11,163.1071014404297,325.30999755859375
2022-04-12,164.98663330078125,328.98333740234375
2022-04-13,167.68295288085938,340.7900085449219
2022-04-14,162.65440368652344,328.3333435058594
2022-04-18,162.43797302246094,334.7633361816406
2022-04-19,164.7307586669922,342.7166748046875
2022-04-20,164.56349182128906,325.73333740234375
2022-04-21,163.7664031982422,336.260009765625
2022-04-22,159.21022033691406,335.01666259765625
2022-04-25,160.28285217285156,332.67333984375
2022-04-26,154.29978942871094,292.1400146484375
2022-04-27,154.07347106933594,293.836669921875
2022-04-28,161.03074645996094,292.5033264160156
2022-04-29,155.13624572753906,290.2533264160156
2022-05-02,155.44134521484375,300.9800109863281
2022-05-03,156.9370574951172,303.0833435058594
2022-05-04,163.3727569580078,317.5400085449219
2022-05-05,154.27027893066406,291.09332275390625
2022-05-06,154.99952697753906,288.54998779296875
2022-05-09,149.85523986816406,262.3699951171875
2022-05-10,152.26971435546875,266.67999267578125
2022-05-11,144.37582397460938,244.6666717529297
2022-05-12,140.49298095703125,242.6666717529297
2022-05-13,144.97702026367188,256.5299987792969
2022-05-16,143.4297637939453,241.4566650390625
2022-05-17,147.0761260986328,253.8699951171875
2022-05-18,138.77821350097656,236.60333251953125
2022-05-19,135.35853576660156,236.47332763671875
2022-05-20,135.5950469970703,221.3000030517578
2022-05-23,141.03497314453125,224.96665954589844
2022-05-24,138.3248748779297,209.3866729736328
2022-05-25,138.4825439453125,219.60000610351562
2022-05-26,141.69528198242188,235.91000366210938
2022-05-27,147.47030639648438,253.2100067138672
2022-05-31,146.68190002441406,252.75332641601562
2022-06-01,146.55380249023438,246.7899932861328
2022-06-02,149.01754760742188,258.3333435058594
2022-06-03,143.2720947265625,234.51666259765625
2022-06-06,144.0210723876953,238.27999877929688
2022-06-07,146.55380249023438,238.8866729736328
2022-06-08,145.81468200683594,241.86666870117188
2022-06-09,140.57183837890625,239.7066650390625
2022-06-10,135.14170837402344,232.22999572753906
2022-06-13,129.9678192138672,215.73666381835938
2022-06-14,130.8350830078125,220.88999938964844
2022-06-15,133.4663543701172,233.0
2022-06-16,128.1741943359375,213.10000610351562
2022-06-17,129.6524658203125,216.75999450683594
2022-06-21,133.8999786376953,237.0366668701172
2022-06-22,133.38751220703125,236.086669921875
2022-06-23,136.26516723632812,235.07000732421875
2022-06-24,139.6060028076172,245.7066650390625
2022-06-27,139.6060028076172,244.9199981689453
2022-06-28,135.4472198486328,232.663330078125
2022-06-29,137.2112579345703,228.49000549316406
2022-06-30,134.73765563964844,224.47332763671875
2022-07-01,136.91561889648438,227.26333618164062
2022-07-05,139.50747680664062,233.06666564941406
2022-07-06,140.84774780273438,231.73333740234375
2022-07-07,144.22802734375,244.5433349609375
2022-07-08,144.90802001953125,250.76333618164062
2022-07-11,142.76947021484375,234.3433380126953
2022-07-12,143.74514770507812,233.07000732421875
2022-07-13,143.3804931640625,237.0399932861328
2022-07-14,146.3173065185547,238.31333923339844
2022-07-15,147.99261474609375,240.06666564941406
2022-07-18,144.93759155273438,240.54666137695312
2022-07-19,148.8105926513672,245.52999877929688
2022-07-20,150.82101440429688,247.5
2022-07-21,153.09756469726562,271.7066650390625
2022-07-22,151.85577392578125,272.24334716796875
2022-07-25,150.73236083984375,268.4333190917969
2022-07-26,149.40191650390625,258.8599853515625
2022-07-27,154.51666259765625,274.82000732421875
2022-07-28,155.06851196289062,280.8999938964844
2022-07-29,160.15370178222656,297.1499938964844
2022-08-01,159.16822814941406,297.27667236328125
2022-08-02,157.68994140625,300.586669921875
2022-08-03,163.72120666503906,307.39666748046875
2022-08-04,163.40586853027344,308.6333312988281
2022-08-05,163.1788787841797,288.1700134277344
2022-08-08,162.70518493652344,290.42333984375
2022-08-09,162.75454711914062,283.3333435058594
2022-08-10,167.01780700683594,294.3566589355469
2022-08-11,166.27767944335938,286.6300048828125
2022-08-12,169.8402557373047,300.0299987792969
2022-08-15,170.9159698486328,309.32000732421875
2022-08-16,170.75804138183594,306.5633239746094
2022-08-17,172.2581024169922,303.9966735839844
2022-08-18,171.8633270263672,302.8699951171875
2022-08-19,169.2678680419922,296.6666564941406
2022-08-22,165.36973571777344,289.913330078125
2022-08-23,165.0341796875,296.4533386230469
2022-08-24,165.33026123046875,297.0966796875
2022-08-25,167.7974395751953,296.07000732421875
2022-08-26,161.4716033935547,288.0899963378906
2022-08-29,159.26101684570312,284.82000732421875
2022-08-30,156.823486328125,277.70001220703125
2022-08-31,155.15565490722656,275.6099853515625
2022-09-01,155.88592529296875,277.1600036621094
2022-09-02,153.76412963867188,270.2099914550781
2022-09-06,152.50096130371094,274.4200134277344
2022-09-07,153.91221618652344,283.70001220703125
2022-09-08,152.43186950683594,289.260009765625
2022-09-09,155.30368041992188,299.67999267578125
2022-09-12,161.28408813476562,304.4200134277344
2022-09-13,151.8199920654297,292.1300048828125
2022-09-14,153.2707061767578,302.6099853515625
2022-09-15,150.36932373046875,303.75
2022-09-16,148.7212371826172,303.3500061035156
2022-09-19,152.45159912109375,309.07000732421875
2022-09-20,154.83984375,308.7300109863281
2022-09-21,151.70159912109375,300.79998779296875
2022-09-22,150.7344970703125,288.5899963378906
2022-09-23,148.45477294921875,275.3299865722656
2022-09-26,148.79034423828125,276.010009765625
2022-09-27,149.76730346679688,282.94000244140625
2022-09-28,147.87252807617188,287.80999755859375
2022-09-29,140.6091766357422,268.2099914550781
2022-09-30,136.38534545898438,265.25
2022-10-03,140.57957458496094,242.39999389648438
2022-10-04,144.18167114257812,249.44000244140625
2022-10-05,144.47769165039062,240.80999755859375
2022-10-06,143.5204315185547,238.1300048828125
2022-10-07,138.2505645751953,223.07000732421875
2022-10-10,138.57620239257812,222.9600067138672
2022-10-11,137.15512084960938,216.5
2022-10-12,136.5235137939453,217.24000549316406
2022-10-13,141.1124725341797,221.72000122070312
2022-10-14,136.56300354003906,204.99000549316406
2022-10-17,140.54010009765625,219.35000610351562
2022-10-18,141.86248779296875,220.19000244140625
2022-10-19,141.9710235595703,222.0399932861328
2022-10-20,141.5072479248047,207.27999877929688
2022-10-21,145.33627319335938,214.44000244140625
2022-10-24,147.48764038085938,211.25
2022-10-25,150.3397216796875,222.4199981689453
2022-10-26,147.3889923095703,224.63999938964844
2022-10-27,142.89869689941406,225.08999633789062
2022-10-28,153.69503784179688,228.52000427246094
2022-10-31,151.3265838623047,227.5399932861328
2022-11-01,148.6719207763672,227.82000732421875
2022-11-02,143.12570190429688,214.97999572753906
2022-11-03,137.0564727783203,215.30999755859375
2022-11-04,136.78953552246094,207.47000122070312
2022-11-07,137.32334899902344,197.0800018310547
2022-11-08,137.89666748046875,191.3000030517578
2022-11-09,133.3198699951172,177.58999633789062
2022-11-10,145.18197631835938,190.72000122070312
2022-11-11,147.97943115234375,195.97000122070312
2022-11-14,146.57574462890625,190.9499969482422
2022-11-15,148.3155517578125,194.4199981689453
2022-11-16,147.0799102783203,186.9199981689453
2022-11-17,148.9877166748047,183.1699981689453
2022-11-18,149.55116271972656,180.19000244140625
2022-11-21,146.30886840820312,167.8699951171875
2022-11-22,148.45391845703125,169.91000366210938
2022-11-23,149.333740234375,183.1999969482422
2022-11-25,146.40773010253906,182.86000061035156
2022-11-28,142.5624237060547,182.9199981689453
2022-11-29,139.54747009277344,180.8300018310547
2022-11-30,146.32864379882812,194.6999969482422
2022-12-01,146.60540771484375,194.6999969482422
2022-12-02,146.11117553710938,194.86000061035156
2022-12-05,144.94473266601562,182.4499969482422
2022-12-06,141.26747131347656,179.82000732421875
2022-12-07,139.3201141357422,174.0399932861328
2022-12-08,141.01048278808594,173.44000244140625
2022-12-09,140.526123046875,179.0500030517578
2022-12-12,142.82933044433594,167.82000732421875
2022-12-13,143.7980499267578,160.9499969482422
2022-12-14,141.56402587890625,156.8000030517578
2022-12-15,134.93118286132812,157.6699981689453
2022-12-16,132.9640350341797,150.22999572753906
2022-12-19,130.84861755371094,149.8699951171875
2022-12-20,130.7794189453125,137.8000030517578
2022-12-21,133.89324951171875,137.57000732421875
2022-12-22,130.71022033691406,125.3499984741211
2022-12-23,130.344482421875,123.1500015258789
2022-12-27,128.5355224609375,109.0999984741211
2022-12-28,124.59137725830078,112.70999908447266
2022-12-29,128.120361328125,121.81999969482422
2022-12-30,128.43666076660156,123.18000030517578
2023-01-03,123.63253021240234,108.0999984741211
2023-01-04,124.90769958496094,113.63999938964844
2023-01-05,123.58309936523438,110.33999633789062
2023-01-06,128.13023376464844,113.05999755859375
2023-01-09,128.65414428710938,119.7699966430664
2023-01-10,129.2274627685547,118.8499984741211
2023-01-11,131.95578002929688,123.22000122070312
2023-01-12,131.87669372558594,123.55999755859375
2023-01-13,133.2111358642578,122.4000015258789
2023-01-17,134.37759399414062,131.49000549316406
2023-01-18,133.65597534179688,128.77999877929688
2023-01-19,133.71530151367188,127.16999816894531
2023-01-20,136.28541564941406,133.4199981689453
2023-01-23,139.48817443847656,143.75
2023-01-24,140.89183044433594,143.88999938964844
2023-01-25,140.22955322265625,144.42999267578125
2023-01-26,142.305419921875,160.27000427246094
2023-01-27,144.25277709960938,177.89999389648438
2023-01-30,141.35646057128906,166.66000366210938
2023-01-31,142.63162231445312,173.22000122070312
2023-02-01,143.75851440429688,181.41000366210938
2023-02-02,149.08657836914062,188.27000427246094
2023-02-03,152.72427368164062,189.97999572753906
2023-02-06,149.9861297607422,194.75999450683594
2023-02-07,152.87254333496094,196.80999755859375
2023-02-08,150.17393493652344,201.2899932861328
2023-02-09,149.135986328125,207.32000732421875
2023-02-10,149.50230407714844,196.88999938964844
2023-02-13,152.31394958496094,194.63999938964844
2023-02-14,151.6704559326172,209.25
2023-02-15,153.77915954589844,214.24000549316406
2023-02-16,152.1753692626953,202.0399932861328
2023-02-17,151.02694702148438,208.30999755859375
2023-02-21,146.99755859375,197.3699951171875
2023-02-22,147.42327880859375,200.86000061035156
2023-02-23,147.90838623046875,202.07000732421875
2023-02-24,145.24525451660156,196.8800048828125
2023-02-27,146.44314575195312,207.6300048828125
2023-02-28,145.938232421875,205.7100067138672
2023-03-01,143.85919189453125,202.77000427246094
2023-03-02,144.45323181152344,190.89999389648438
2023-03-03,149.5220947265625,197.7899932861328
2023-03-06,152.29415893554688,193.80999755859375
2023-03-07,150.08642578125,187.7100067138672
2023-03-08,151.34375,182.0
2023-03-09,149.08648681640625,172.9199981689453
2023-03-10,147.01736450195312,173.44000244140625
2023-03-13,148.9676971435547,174.47999572753906
2023-03-14,151.06654357910156,183.25999450683594
2023-03-15,151.46253967285156,180.4499969482422
2023-03-16,154.2939910888672,184.1300048828125
2023-03-17,153.45248413085938,180.1300048828125
2023-03-20,155.8284912109375,183.25
2023-03-21,157.6897430419922,197.5800018310547
2023-03-22,156.2542266845703,191.14999389648438
2023-03-23,157.34323120117188,192.22000122070312
2023-03-24,158.65005493164062,190.41000366210938
2023-03-27,156.69972229003906,191.80999755859375
2023-03-28,156.0760040283203,189.19000244140625
2023-03-29,159.1648712158203,193.8800048828125
2023-03-30,160.73898315429688,195.27999877929688
2023-03-31,163.2536163330078,207.4600067138672
2023-04-03,164.51095581054688,194.77000427246094
2023-04-04,163.97634887695312,192.5800018310547
2023-04-05,162.125,185.52000427246094
2023-04-06,163.01602172851562,185.05999755859375
2023-04-10,160.41229248046875,184.50999450683594
2023-04-11,159.194580078125,186.7899932861328
2023-04-12,158.50155639648438,180.5399932861328
2023-04-13,163.9070281982422,185.89999389648438
2023-04-14,163.56053161621094,185.0
2023-04-17,163.580322265625,187.0399932861328
2023-04-18,164.80795288085938,184.30999755859375
2023-04-19,165.95639038085938,180.58999633789062
2023-04-20,164.98614501953125,162.99000549316406
2023-04-21,163.37240600585938,165.0800018310547
2023-04-24,163.67933654785156,162.5500030517578
2023-04-25,162.13490295410156,160.6699981689453
2023-04-26,162.125,153.75
2023-04-27,166.7285919189453,160.19000244140625
2023-04-28,167.98590087890625,164.30999755859375
2023-05-01,167.8968048095703,161.8300018310547
2023-05-02,166.85726928710938,160.30999755859375
2023-05-03,165.77816772460938,160.61000061035156
2023-05-04,164.13470458984375,161.1999969482422
2023-05-05,171.8370819091797,170.05999755859375
2023-05-08,171.7677764892578,171.7899932861328
2023-05-09,170.0550537109375,169.14999389648438
2023-05-10,171.82716369628906,168.5399932861328
2023-05-11,172.0152587890625,172.0800018310547
2023-05-12,171.0833740234375,167.97999572753906
2023-05-15,170.58767700195312,166.35000610351562
2023-05-16,170.58767700195312,166.52000427246094
2023-05-17,171.2023468017578,173.86000061035156
2023-05-18,173.54200744628906,176.88999938964844
2023-05-19,173.65106201171875,180.13999938964844
2023-05-22,172.69932556152344,188.8699951171875
2023-05-23,170.08209228515625,185.77000427246094
2023-05-24,170.3596649169922,182.89999389648438
2023-05-25,171.49974060058594,184.47000122070312
2023-05-26,173.918701171875,193.1699981689453
2023-05-30,175.77261352539062,201.16000366210938
2023-05-31,175.72303771972656,203.92999267578125
2023-06-01,178.53857421875,207.52000427246094
2023-06-02,179.3911590576172,213.97000122070312
2023-06-05,178.032958984375,217.61000061035156
2023-06-06,177.66615295410156,221.30999755859375
2023-06-07,176.28814697265625,224.57000732421875
2023-06-08,179.01446533203125,234.86000061035156
2023-06-09,179.40109252929688,244.39999389648438
2023-06-12,182.20668029785156,249.8300018310547
2023-06-13,181.73086547851562,258.7099914550781
2023-06-14,182.36532592773438,256.7900085449219
2023-06-15,184.40757751464844,255.89999389648438
2023-06-16,183.32696533203125,260.5400085449219
2023-06-20,183.4161834716797,274.45001220703125
2023-06-21,182.375244140625,259.4599914550781
2023-06-22,185.3890380859375,264.6099853515625
2023-06-23,185.07180786132812,256.6000061035156
2023-06-26,183.67398071289062,241.0500030517578
2023-06-27,186.43992614746094,250.2100067138672
2023-06-28,187.61965942382812,256.239990234375
2023-06-29,187.95672607421875,257.5
2023-06-30,192.2990264892578,261.7699890136719
2023-07-03,190.8020477294922,279.82000732421875
2023-07-05,189.68174743652344,282.4800109863281
2023-07-06,190.15760803222656,276.5400085449219
2023-07-07,189.03733825683594,274.42999267578125
2023-07-10,186.9851837158203,269.6099853515625
2023-07-11,186.4597625732422,269.7900085449219
2023-07-12,188.13519287109375,271.989990234375
2023-07-13,188.89854431152344,277.8999938964844
2023-07-14,189.04725646972656,281.3800048828125
2023-07-17,192.31883239746094,290.3800048828125
2023-07-18,192.0610809326172,293.3399963378906
2023-07-19,193.41929626464844,291.260009765625
2023-07-20,191.4662628173828,262.8999938964844
2023-07-21,190.28652954101562,260.0199890136719
2023-07-24,191.0895233154297,269.05999755859375
2023-07-25,191.95204162597656,265.2799987792969
2023-07-26,192.824462890625,264.3500061035156
2023-07-27,191.55545043945312,255.7100067138672
2023-07-28,194.14300537109375,266.44000244140625
2023-07-31,194.7576446533203,267.42999267578125
2023-08-01,193.92486572265625,261.07000732421875
2023-08-02,190.9209747314453,254.11000061035156
2023-08-03,189.52313232421875,259.32000732421875
2023-08-04,180.42222595214844,253.86000061035156
2023-08-07,177.30926513671875,251.4499969482422
2023-08-08,178.25106811523438,249.6999969482422
2023-08-09,176.65493774414062,242.19000244140625
2023-08-10,176.4368438720703,245.33999633789062
2023-08-11,176.49642944335938,242.64999389648438
2023-08-14,178.15428161621094,239.75999450683594
2023-08-15,176.15887451171875,232.9600067138672
2023-08-16,175.28529357910156,225.60000610351562
2023-08-17,172.73397827148438,219.22000122070312
2023-08-18,173.22042846679688,215.49000549316406
2023-08-21,174.56060791015625,231.27999877929688
2023-08-22,175.9404754638672,233.19000244140625
2023-08-23,179.8022003173828,236.86000061035156
2023-08-24,175.09666442871094,230.0399932861328
2023-08-25,177.31044006347656,238.58999633789062
2023-08-28,178.8789520263672,238.82000732421875
2023-08-29,182.78036499023438,257.17999267578125
2023-08-30,186.28466796875,256.8999938964844
2023-08-31,186.50308227539062,258.0799865722656
2023-09-01,188.08151245117188,245.00999450683594
2023-09-05,188.31976318359375,256.489990234375
2023-09-06,181.5791778564453,251.9199981689453
2023-09-07,176.26809692382812,251.49000549316406
2023-09-08,176.88356018066406,248.5
2023-09-11,178.05499267578125,273.5799865722656
2023-09-12,175.0172576904297,267.4800109863281
2023-09-13,172.94244384765625,271.29998779296875
2023-09-14,174.4613494873047,276.0400085449219
2023-09-15,173.7366180419922,274.3900146484375
2023-09-18,176.67510986328125,265.2799987792969
2023-09-19,177.76710510253906,266.5
2023-09-20,174.21315002441406,262.5899963378906
2023-09-21,172.66448974609375,255.6999969482422
2023-09-22,173.5182342529297,244.8800048828125
2023-09-25,174.79885864257812,246.99000549316406
2023-09-26,170.70883178710938,244.1199951171875
2023-09-27,169.18994140625,240.5
2023-09-28,169.4480743408203,246.3800048828125
2023-09-29,169.9642791748047,250.22000122070312
2023-10-02,172.4857940673828,251.60000610351562
2023-10-03,171.1456298828125,246.52999877929688
2023-10-04,172.39646911621094,261.1600036621094
2023-10-05,173.6373748779297,260.04998779296875
2023-10-06,176.1986083984375,260.5299987792969
2023-10-09,177.68768310546875,259.6700134277344
2023-10-10,177.09205627441406,263.6199951171875
2023-10-11,178.49179077148438,262.989990234375
2023-10-12,179.39517211914062,258.8699951171875
2023-10-13,177.5487060546875,251.1199951171875
2023-10-16,177.41966247558594,253.9199981689453
2023-10-17,175.86106872558594,254.85000610351562
2023-10-18,174.56060791015625,242.67999267578125
2023-10-19,174.18338012695312,220.11000061035156
2023-10-20,171.6221466064453,211.99000549316406
2023-10-23,171.74127197265625,212.0800018310547
2023-10-24,172.17807006835938,216.52000427246094
2023-10-25,169.8551025390625,212.4199981689453
2023-10-26,165.67572021484375,205.75999450683594
2023-10-27,166.9960479736328,207.3000030517578
2023-10-30,169.05096435546875,197.36000061035156
2023-10-31,169.52749633789062,200.83999633789062
2023-11-01,172.7042236328125,205.66000366210938
2023-11-02,176.27801513671875,218.50999450683594
2023-11-03,175.3647003173828,219.9600067138672
2023-11-06,177.92591857910156,219.27000427246094
2023-11-07,180.49710083007812,222.17999267578125
2023-11-08,181.55929565429688,222.11000061035156
2023-11-09,181.082763671875,209.97999572753906
2023-11-10,185.28753662109375,214.64999389648438
2023-11-13,183.69711303710938,223.7100067138672
2023-11-14,186.32135009765625,237.41000366210938
2023-11-15,186.887939453125,242.83999633789062
2023-11-16,188.5778045654297,233.58999633789062
2023-11-17,188.55792236328125,234.3000030517578
2023-11-20,190.30740356445312,235.60000610351562
2023-11-21,189.5022430419922,241.1999969482422
2023-11-22,190.16822814941406,234.2100067138672
2023-11-24,188.8362579345703,235.4499969482422
2023-11-27,188.6573028564453,236.0800018310547
2023-11-28,189.26368713378906,246.72000122070312
2023-11-29,188.2398223876953,244.13999938964844
2023-11-30,188.8163604736328,240.0800018310547
2023-12-01,190.09866333007812,238.8300018310547
2023-12-04,188.29945373535156,235.5800018310547
2023-12-05,192.26565551757812,238.72000122070312
2023-12-06,191.1722412109375,239.3699951171875
2023-12-07,193.110595703125,242.63999938964844
2023-12-08,194.54197692871094,243.83999633789062
2023-12-11,192.02706909179688,239.74000549316406
2023-12-12,193.5479736328125,237.00999450683594
2023-12-13,196.778564453125,239.2899932861328
2023-12-14,196.9276580810547,251.0500030517578
2023-12-15,196.39089965820312,253.5
2023-12-18,194.72091674804688,252.0800018310547
2023-12-19,195.7646484375,257.2200012207031
2023-12-20,193.66725158691406,247.13999938964844
2023-12-21,193.5181121826172,254.5
2023-12-22,192.44459533691406,252.5399932861328
2023-12-26,191.8978729248047,256.6099853515625
2023-12-27,191.99725341796875,261.44000244140625
2023-12-28,192.42469787597656,253.17999267578125
2023-12-29,191.38096618652344,248.47999572753906
2024-01-02,184.53208923339844,248.4199981689453
2024-01-03,183.15037536621094,238.4499969482422
2024-01-04,180.82435607910156,237.92999267578125
2024-01-05,180.09869384765625,237.49000549316406
2024-01-08,184.4525604248047,240.4499969482422
2024-01-09,184.03506469726562,234.9600067138672
2024-01-10,185.07879638671875,233.94000244140625
2024-01-11,184.4823760986328,227.22000122070312
2024-01-12,184.81040954589844,218.88999938964844
2024-01-16,182.53408813476562,219.91000366210938
2024-01-17,181.58975219726562,215.5500030517578
2024-01-18,187.50425720214844,211.8800048828125
2024-01-19,190.416748046875,212.19000244140625
2024-01-22,192.7328338623047,208.8000030517578
2024-01-23,194.01515197753906,209.13999938964844
2024-01-24,193.33920288085938,207.8300018310547
2024-01-25,193.0111846923828,182.6300048828125
2024-01-26,191.27163696289062,183.25
2024-01-29,190.5857391357422,190.92999267578125
2024-01-30,186.91775512695312,191.58999633789062
2024-01-31,183.2994842529297,187.2899932861328
2024-02-01,185.74481201171875,188.86000061035156
2024-02-02,184.7408447265625,187.91000366210938
2024-02-05,186.55992126464844,181.05999755859375
2024-02-06,188.1702423095703,185.10000610351562
2024-02-07,188.2796173095703,187.5800018310547
2024-02-08,187.19610595703125,189.55999755859375
2024-02-09,187.9624786376953,193.57000732421875
2024-02-12,186.27044677734375,188.1300048828125
2024-02-13,184.1703643798828,184.02000427246094
2024-02-14,183.2845458984375,188.7100067138672
2024-02-15,182.9959259033203,200.4499969482422
2024-02-16,181.4532012939453,199.9499969482422
2024-02-20,180.7067413330078,193.75999450683594
2024-02-21,181.4631805419922,194.77000427246094
2024-02-22,183.5035400390625,197.41000366210938
2024-02-23,181.6622314453125,191.97000122070312
2024-02-26,180.30860900878906,199.39999389648438
2024-02-27,181.77171325683594,199.72999572753906
2024-02-28,180.56739807128906,202.0399932861328
2024-02-29,179.90054321289062,201.8800048828125
2024-03-01,178.815673828125,202.63999938964844
2024-03-04,174.27708435058594,188.13999938964844
2024-03-05,169.3205108642578,180.74000549316406
2024-03-06,168.32518005371094,176.5399932861328
2024-03-07,168.20574951171875,178.64999389648438
2024-03-08,169.92762756347656,175.33999633789062
2024-03-11,171.93814086914062,177.77000427246094
2024-03-12,172.41586303710938,177.5399932861328
2024-03-13,170.32574462890625,169.47999572753906
2024-03-14,172.1869659423828,162.5
2024-03-15,171.80874633789062,163.57000732421875
2024-03-18,172.90357971191406,173.8000030517578
2024-03-19,175.2524871826172,171.32000732421875
2024-03-20,177.83030700683594,175.66000366210938
2024-03-21,170.5646209716797,172.82000732421875
2024-03-22,171.47035217285156,170.8300018310547
2024-03-25,170.0470733642578,172.6300048828125
2024-03-26,168.9124298095703,177.6699981689453
2024-03-27,172.49551391601562,179.8300018310547
2024-03-28,170.67410278320312,175.7899932861328
2024-04-01,169.2309112548828,175.22000122070312
2024-04-02,168.04649353027344,166.6300048828125
2024-04-03,168.85269165039062,168.3800048828125
2024-04-04,168.026611328125,171.11000061035156
2024-04-05,168.78302001953125,164.89999389648438
2024-04-08,167.65834045410156,172.97999572753906
2024-04-09,168.8726043701172,176.8800048828125
2024-04-10,166.99148559570312,171.75999450683594
2024-04-11,174.2173614501953,174.60000610351562
2024-04-12,175.7202911376953,171.0500030517578
2024-04-15,171.87840270996094,161.47999572753906
2024-04-16,168.583984375,157.11000061035156
2024-04-17,167.21046447753906,155.4499969482422
2024-04-18,166.2549591064453,149.92999267578125
2024-04-19,164.2245635986328,147.0500030517578
2024-04-22,165.06060791015625,142.0500030517578
2024-04-23,166.11561584472656,144.67999267578125
2024-04-24,168.2256622314453,162.1300048828125
2024-04-25,169.09156799316406,170.17999267578125
2024-04-26,168.5043487548828,168.2899932861328
2024-04-29,172.68460083007812,194.0500030517578
2024-04-30,169.52951049804688,183.27999877929688
2024-05-01,168.5043487548828,179.99000549316406
2024-05-02,172.21682739257812,180.00999450683594
2024-05-03,182.51817321777344,181.19000244140625
2024-05-06,180.85604858398438,184.75999450683594
2024-05-07,181.5427703857422,177.80999755859375
2024-05-08,181.88119506835938,174.72000122070312
2024-05-09,183.7025909423828,171.97000122070312
2024-05-10,182.43685913085938,168.47000122070312
2024-05-13,185.65602111816406,171.88999938964844
2024-05-14,186.80215454101562,177.5500030517578
2024-05-15,189.0845184326172,173.99000549316406
2024-05-16,189.2041015625,174.83999633789062
2024-05-17,189.23399353027344,177.4600067138672
2024-05-20,190.40008544921875,174.9499969482422
2024-05-21,191.70570373535156,186.60000610351562
2024-05-22,190.2605438232422,180.11000061035156
2024-05-23,186.2540283203125,173.74000549316406
2024-05-24,189.3436279296875,179.24000549316406
2024-05-28,189.3535919189453,176.75
2024-05-29,189.65260314941406,176.19000244140625
2024-05-30,190.6492462158203,178.7899932861328
2024-05-31,191.6060333251953,178.0800018310547
2024-06-03,193.38006591796875,176.2899932861328
2024-06-04,193.69898986816406,174.77000427246094
2024-06-05,195.21389770507812,175.0
2024-06-06,193.82855224609375,177.94000244140625
2024-06-07,196.23048400878906,177.47999572753906
2024-06-10,192.4730987548828,173.7899932861328
2024-06-11,206.45611572265625,170.66000366210938
2024-06-12,212.35630798339844,177.2899932861328
2024-06-13,213.52236938476562,182.47000122070312
2024-06-14,211.77822875976562,178.00999450683594
2024-06-17,215.94422912597656,187.44000244140625
2024-06-18,213.5721893310547,184.86000061035156
2024-06-20,208.97763061523438,181.57000732421875
2024-06-21,206.7949981689453,183.00999450683594
2024-06-24,207.44281005859375,182.5800018310547
2024-06-25,208.36968994140625,187.35000610351562
2024-06-26,212.5356903076172,196.3699951171875
2024-06-27,213.3828582763672,197.4199981689453
2024-06-28,209.91448974609375,197.8800048828125
2024-07-01,216.02395629882812,209.86000061035156
2024-07-02,219.5321807861328,231.25999450683594
2024-07-03,220.80789184570312,246.38999938964844
2024-07-05,225.5818328857422,251.52000427246094
2024-07-08,227.056884765625,252.94000244140625
2024-07-09,227.9139862060547,262.3299865722656
2024-07-10,232.19960021972656,263.260009765625
2024-07-11,226.80772399902344,241.02999877929688
2024-07-12,229.76776123046875,248.22999572753906
2024-07-15,233.61483764648438,252.63999938964844
2024-07-16,234.03343200683594,256.55999755859375
2024-07-17,228.1133270263672,248.5
2024-07-18,223.42906188964844,249.22999572753906
2024-07-19,223.5586395263672,239.1999969482422
2024-07-22,223.20980834960938,251.50999450683594
2024-07-23,224.2563018798828,246.3800048828125
2024-07-24,217.80795288085938,215.99000549316406
2024-07-25,216.76148986816406,220.25
2024-07-26,217.2299041748047,219.8000030517578
2024-07-29,217.50897216796875,232.10000610351562
2024-07-30,218.06710815429688,222.6199951171875
2024-07-31,221.3361053466797,232.07000732421875
2024-08-01,217.62855529785156,216.86000061035156
2024-08-02,219.12355041503906,207.6699981689453
2024-08-05,208.5690155029297,198.8800048828125
2024-08-06,206.5358428955078,200.63999938964844
2024-08-07,209.11717224121094,191.75999450683594
2024-08-08,212.59547424316406,198.83999633789062
2024-08-09,215.51568603515625,200.0
2024-08-12,217.0522918701172,197.49000549316406
2024-08-13,220.78408813476562,207.8300018310547
2024-08-14,221.23309326171875,201.3800048828125
2024-08-15,224.22650146484375,214.13999938964844
2024-08-16,225.5535888671875,216.1199951171875
2024-08-19,225.3939208984375,222.72000122070312
2024-08-20,226.0125732421875,221.10000610351562
2024-08-21,225.90281677246094,223.27000427246094
2024-08-22,224.0369110107422,210.66000366210938
2024-08-23,226.3418426513672,220.32000732421875
2024-08-26,226.68109130859375,213.2100067138672
2024-08-27,227.52923583984375,209.2100067138672
2024-08-28,225.99261474609375,205.75
2024-08-29,229.28536987304688,206.27999877929688
2024-08-30,228.49710083007812,214.11000061035156
2024-09-03,222.28079223632812,210.60000610351562
2024-09-04,220.36500549316406,219.41000366210938
2024-09-05,221.8916473388672,230.1699981689453
2024-09-06,220.33506774902344,210.72999572753906
2024-09-09,220.4248809814453,216.27000427246094
2024-09-10,219.62661743164062,226.1699981689453
2024-09-11,222.17103576660156,228.1300048828125
2024-09-12,222.28079223632812,229.80999755859375
2024-09-13,222.01136779785156,230.2899932861328
2024-09-16,215.84495544433594,226.77999877929688
2024-09-17,216.31390380859375,227.8699951171875
2024-09-18,220.20535278320312,227.1999969482422
2024-09-19,228.3673858642578,243.9199981689453
2024-09-20,227.6988525390625,238.25
2024-09-23,225.97265625,250.0
2024-09-24,226.8706817626953,254.27000427246094
2024-09-25,225.8728790283203,257.0199890136719
2024-09-26,227.02035522460938,254.22000122070312
2024-09-27,227.2897491455078,260.4599914550781
2024-09-30,232.48831176757812,261.6300048828125
2024-10-01,225.71322631835938,258.0199890136719
2024-10-02,226.28196716308594,249.02000427246094
2024-10-03,225.17440795898438,240.66000366210938
2024-10-04,226.30194091796875,250.0800018310547
2024-10-07,221.2031707763672,240.8300018310547
2024-10-08,225.27420043945312,244.5
2024-10-09,229.03591918945312,241.0500030517578
2024-10-10,228.53700256347656,238.77000427246094
2024-10-11,227.05029296875,217.8000030517578
2024-10-14,230.79205322265625,219.16000366210938
2024-10-15,233.33645629882812,219.57000732421875
2024-10-16,231.27099609375,221.3300018310547
2024-10-17,231.6401824951172,220.88999938964844
2024-10-18,234.4839324951172,220.6999969482422
2024-10-21,235.96067810058594,218.85000610351562
2024-10-22,235.342041015625,217.97000122070312
2024-10-23,230.25323486328125,213.64999389648438
2024-10-24,230.06365966796875,260.4800109863281
2024-10-25,230.9018096923828,269.19000244140625
2024-10-28,232.88743591308594,262.510009765625
2024-10-29,233.15684509277344,259.5199890136719
2024-10-30,229.59469604492188,257.54998779296875
2024-10-31,225.4138946533203,249.85000610351562
2024-11-01,222.4204864501953,248.97999572753906
2024-11-04,221.52244567871094,242.83999633789062
2024-11-05,222.95928955078125,251.44000244140625
2024-11-06,222.23089599609375,288.5299987792969
2024-11-07,226.98043823242188,296.9100036621094
2024-11-08,226.7107391357422,321.2200012207031
2024-11-11,223.98373413085938,350.0
2024-11-12,223.98373413085938,328.489990234375
2024-11-13,224.8727569580078,330.239990234375
2024-11-14,227.9693603515625,311.17999267578125
2024-11-15,224.7528839111328,320.7200012207031
2024-11-18,227.7695770263672,338.739990234375
2024-11-19,228.02928161621094,346.0
2024-11-20,228.7484893798828,342.0299987792969
2024-11-21,228.26902770996094,339.6400146484375
2024-11-22,229.61753845214844,352.55999755859375
2024-11-25,232.61424255371094,338.5899963378906
2024-11-26,234.8018341064453,338.2300109863281
2024-11-27,234.67198181152344,332.8900146484375
2024-11-29,237.06935119628906,345.1600036621094
2024-12-02,239.3268585205078,357.0899963378906
2024-12-03,242.3834991455078,351.4200134277344
2024-12-04,242.74310302734375,357.92999267578125
2024-12-05,242.7730712890625,369.489990234375
2024-12-06,242.5732879638672,389.2200012207031
2024-12-09,246.47900390625,389.7900085449219
2024-12-10,247.4978790283203,400.989990234375
2024-12-11,246.2192840576172,424.7699890136719
2024-12-12,247.68768310546875,418.1000061035156
2024-12-13,247.85748291015625,436.2300109863281
2024-12-16,250.7642822265625,463.0199890136719
2024-12-17,253.20159912109375,479.8599853515625
2024-12-18,247.77757263183594,440.1300048828125
2024-12-19,249.51565551757812,436.1700134277344
2024-12-20,254.21051025390625,421.05999755859375
2024-12-23,254.98965454101562,430.6000061035156
2024-12-24,257.91644287109375,462.2799987792969
2024-12-26,258.7355041503906,454.1300048828125
2024-12-27,255.30929565429688,431.6600036621094
2024-12-30,251.9230194091797,417.4100036621094
2024-12-31,250.1449737548828,403.8399963378906
